title,where_to_watch
Mad Dog,Apple TV
Mad Dog,Netflix
Mad Dog,Viki
Mad Dog,Kocowa
The Good Detective,Netflix
The Good Detective,VIU Indonesia
The Good Detective,Viki
The Good Detective,Tubi
Crash Course in Romance,Netflix
Amanza,Kakao TV
Amanza,Viki
Amanza,Kocowa
The Uncanny Counter Season 2: Counter Punch,TVING
The Uncanny Counter Season 2: Counter Punch,Netflix
Extraordinary You,WeTV
Extraordinary You,Viki
Extraordinary You,iQIYI
Extraordinary You,Kocowa
The Legend of the Blue Sea,Apple TV
The Legend of the Blue Sea,Netflix
The Legend of the Blue Sea,WeTV
The Legend of the Blue Sea,Viki
The Legend of the Blue Sea,iQIYI
The Legend of the Blue Sea,Hulu
The Legend of the Blue Sea,VIU Indonesia
The Legend of the Blue Sea,SBS VOD
I'm Not a Robot,Apple TV
I'm Not a Robot,Netflix
I'm Not a Robot,WeTV
I'm Not a Robot,Viki
I'm Not a Robot,HBO Max
I'm Not a Robot,Kocowa
The World of the Married,Disney+ Hotstar
The World of the Married,Netflix
The World of the Married,WeTV
The World of the Married,iQIYI
The World of the Married,iflix
The World of the Married,VIU Indonesia
The World of the Married,Prime Video
Sell Your Haunted House,Netflix
Sell Your Haunted House,Viki
Sell Your Haunted House,Prime Video
Sell Your Haunted House,VIU Indonesia
Sell Your Haunted House,Kocowa
Lie After Lie,Apple TV
Lie After Lie,Viki
Lie After Lie,VIU Indonesia
Doctor Prisoner,Apple TV
Doctor Prisoner,Netflix
Doctor Prisoner,Viki
Doctor Prisoner,Kocowa
Be Melodramatic,Apple TV
Be Melodramatic,Disney+ Hotstar
Be Melodramatic,Netflix
Be Melodramatic,WeTV
Be Melodramatic,Viki
Be Melodramatic,Kocowa
Soundtrack #1,Apple TV
Soundtrack #1,Disney+
Soundtrack #1,Disney+ Hotstar
Team Bulldog: Off-Duty Investigation,Viki
Team Bulldog: Off-Duty Investigation,iQIYI
Voice Season 4: Judgment Hour,Apple TV
Voice Season 4: Judgment Hour,WeTV
Voice Season 4: Judgment Hour,Viki
Voice Season 4: Judgment Hour,iQIYI
Voice Season 4: Judgment Hour,Prime Video
Voice Season 4: Judgment Hour,VIU Indonesia
Extracurricular,Netflix
The Mysterious Class,
Come and Hug Me,Netflix
Come and Hug Me,Viki
Come and Hug Me,Prime Video
Come and Hug Me,Kocowa
Her Private Life,Apple TV
Her Private Life,Netflix
Her Private Life,WeTV
Her Private Life,Viki
Her Private Life,iQIYI
Her Private Life,Prime Video
Her Private Life,VIU Indonesia
Her Private Life,Tubi
Twinkling Watermelon,Viki
Twinkling Watermelon,VIU Indonesia
Twinkling Watermelon,TVING
Move to Heaven,Netflix
Hospital Playlist Season 2,Netflix
Hospital Playlist Season 2,TVING
Weak Hero Class 1,Viki
Weak Hero Class 1,iQIYI
Weak Hero Class 1,Wavve
Weak Hero Class 1,Netflix
Weak Hero Class 1,Kocowa
Alchemy of Souls,Netflix
Flower of Evil,Apple TV
Flower of Evil,Netflix
Flower of Evil,WeTV
Flower of Evil,Viki
Flower of Evil,iQIYI
Flower of Evil,Hulu
Flower of Evil,Prime Video
Reply 1988,Apple TV
Reply 1988,Netflix
Reply 1988,WeTV
Reply 1988,Viki
Reply 1988,iQIYI
Reply 1988,VIU Indonesia
Reply 1988,Tubi
Reply 1988,Prime Video
Moving,Apple TV
Moving,Disney+
Moving,Disney+ Hotstar
Moving,Hulu
Hospital Playlist,Netflix
My Mister,Apple TV
My Mister,Disney+ Hotstar
My Mister,Netflix
My Mister,WeTV
My Mister,Viki
My Mister,iQIYI
My Mister,Prime Video
Under the Queen's Umbrella,Netflix
Crash Landing on You,Netflix
Crash Landing on You,TVING
The Glory Part 2,Netflix
Mr. Queen,Viki
Mr. Queen,Hulu
Mr. Queen,Prime Video
Mr. Queen,VIU Indonesia
Mr. Queen,Netflix
My Dearest,Apple TV
My Dearest,Viki
My Dearest,Wavve
My Dearest,Prime Video
My Dearest,Netflix
My Dearest,Kocowa
Prison Playbook,Disney+ Hotstar
Prison Playbook,Netflix
Prison Playbook,iQIYI
Prison Playbook,VIU Indonesia
Prison Playbook,Prime Video
Mother,Viki
Mother,VIU Indonesia
My Dearest Part 2,Viki
My Dearest Part 2,Wavve
My Dearest Part 2,Prime Video
My Dearest Part 2,Netflix
My Dearest Part 2,Kocowa
Dr. Romantic Season 3,Disney+
Dr. Romantic Season 3,Disney+ Hotstar
Dr. Romantic Season 3,Hulu
Alchemy of Souls Season 2: Light and Shadow,Netflix
Taxi Driver Season 2,Apple TV
Taxi Driver Season 2,Viki
Taxi Driver Season 2,VIU Indonesia
Taxi Driver Season 2,Wavve
Taxi Driver Season 2,Prime Video
Taxi Driver Season 2,Kocowa
The Glory,Netflix
Navillera,Netflix
Navillera,TVING
The Good Bad Mother,Netflix
The Good Bad Mother,TVING
It's Okay to Not Be Okay,Netflix
Signal,Disney+ Hotstar
Signal,Netflix
Signal,WeTV
Signal,iQIYI
Signal,Prime Video
Signal,Tubi
Extraordinary Attorney Woo,Netflix
Vincenzo,Netflix
Vincenzo,TVING
Kingdom Season 2,Netflix
Mouse,Apple TV
Mouse,WeTV
Mouse,Viki
Mouse,iQIYI
Mouse,TVING
Mouse,VIU Indonesia
Mouse,Prime Video
Mr. Sunshine,Netflix
Tomorrow,Netflix
Happiness,Apple TV
Happiness,Netflix
Happiness,WeTV
Happiness,Viki
Happiness,iQIYI
Happiness,TVING
Happiness,VIU Indonesia
Death's Game,TVING
Death's Game,Prime Video
Taxi Driver,Apple TV
Taxi Driver,Netflix
Taxi Driver,Viki
Taxi Driver,Prime Video
Taxi Driver,VIU Indonesia
Taxi Driver,SBS World
Taxi Driver,Kocowa
Tale of the Nine-Tailed 1938,Prime Video
Tale of the Nine-Tailed 1938,TVING
Missing: The Other Side Season 2,VIU Indonesia
Missing: The Other Side Season 2,Netflix
The Uncanny Counter,Netflix
Twenty-Five Twenty-One,Netflix
Twenty-Five Twenty-One,TVING
Goblin,Apple TV
Goblin,Netflix
Goblin,Viki
Goblin,Prime Video
Goblin,VIU Indonesia
Kingdom,Netflix
D.P.,Netflix
Stranger,Disney+ Hotstar
Stranger,Netflix
Stranger,iQIYI
Stranger,VIU Indonesia
Stranger,Prime Video
The Red Sleeve,Apple TV
The Red Sleeve,Viki
The Red Sleeve,VIU Indonesia
The Red Sleeve,Netflix
Daily Dose of Sunshine,Netflix
Weightlifting Fairy Kim Bok Joo,Apple TV
Weightlifting Fairy Kim Bok Joo,Netflix
Weightlifting Fairy Kim Bok Joo,WeTV
Weightlifting Fairy Kim Bok Joo,Viki
Weightlifting Fairy Kim Bok Joo,iQIYI
Weightlifting Fairy Kim Bok Joo,Prime Video
Weightlifting Fairy Kim Bok Joo,HBO Max
Weightlifting Fairy Kim Bok Joo,Kocowa
Partners for Justice Season 2,Netflix
Partners for Justice Season 2,VIU Indonesia
Partners for Justice Season 2,Viki
Partners for Justice Season 2,Kocowa
Dr. Romantic Season 2,Apple TV
Dr. Romantic Season 2,Netflix
Dr. Romantic Season 2,WeTV
Dr. Romantic Season 2,Viki
Dr. Romantic Season 2,VIU Indonesia
Dr. Romantic Season 2,Kocowa
SKY Castle,Disney+ Hotstar
SKY Castle,Netflix
SKY Castle,WeTV
SKY Castle,Viki
SKY Castle,iQIYI
SKY Castle,VIU Indonesia
SKY Castle,Prime Video
SKY Castle,TVer
SKY Castle,TVING
Youth of May,Netflix
Youth of May,Viki
Youth of May,Prime Video
Youth of May,Kocowa
Beyond Evil,Disney+ Hotstar
Beyond Evil,Netflix
Beyond Evil,WeTV
Beyond Evil,Viki
Beyond Evil,VIU Indonesia
Beyond Evil,Prime Video
Beyond Evil,Tubi
Through the Darkness,Apple TV
Through the Darkness,Viki
Through the Darkness,Prime Video
Through the Darkness,Netflix
Through the Darkness,VIU Indonesia
Through the Darkness,Kocowa
The Devil Judge,Netflix
The Devil Judge,WeTV
The Devil Judge,Viki
The Devil Judge,iQIYI
The Devil Judge,TVING
The Devil Judge,VIU Indonesia
Moon Lovers: Scarlet Heart Ryeo,Prime Video
Moon Lovers: Scarlet Heart Ryeo,VIU Indonesia
Moon Lovers: Scarlet Heart Ryeo,SBS VOD
Moon Lovers: Scarlet Heart Ryeo,Wavve
Moon Lovers: Scarlet Heart Ryeo,Viki
Racket Boys,Netflix
Arthdal Chronicles Part 3: The Prelude to All Legends,Netflix
Life on Mars,Disney+
Dear My Friends,Apple TV
Dear My Friends,Disney+ Hotstar
Dear My Friends,Netflix
Dear My Friends,Prime Video
Dear My Friends,Tubi
The First Responders,Apple TV
The First Responders,Disney+ Hotstar
The First Responders,Disney+
The First Responders,Hulu
Six Flying Dragons,Netflix
Six Flying Dragons,Viki
Six Flying Dragons,Prime Video
Six Flying Dragons,SBS VOD
Six Flying Dragons,SBS World
Sweet Home,Netflix
D.P. Season 2,Netflix
Hometown Cha-Cha-Cha,Netflix
Hometown Cha-Cha-Cha,TVING
"Arthdal Chronicles Part 2: The Sky Turning Inside Out, Rising Land",Netflix
The Guest,Apple TV
The Guest,Netflix
The Guest,WeTV
The Guest,Tubi
The Guest,Roku
Strong Woman Do Bong Soon,Apple TV
Strong Woman Do Bong Soon,Disney+ Hotstar
Strong Woman Do Bong Soon,Netflix
Strong Woman Do Bong Soon,WeTV
Strong Woman Do Bong Soon,Viki
Strong Woman Do Bong Soon,iQIYI
Strong Woman Do Bong Soon,Prime Video
Strong Woman Do Bong Soon,VIU Indonesia
The Penthouse: War in Life,Apple TV
The Penthouse: War in Life,Netflix
The Penthouse: War in Life,WeTV
The Penthouse: War in Life,Viki
The Penthouse: War in Life,iQIYI
The Penthouse: War in Life,Prime Video
The Penthouse: War in Life,VIU Indonesia
The Penthouse: War in Life,Kocowa
While You Were Sleeping,Apple TV
While You Were Sleeping,Netflix
While You Were Sleeping,WeTV
While You Were Sleeping,Viki
While You Were Sleeping,iQIYI
While You Were Sleeping,Hulu
While You Were Sleeping,iflix
While You Were Sleeping,VIU Indonesia
While You Were Sleeping,Kocowa
The Penthouse Season 2: War in Life,Netflix
The Penthouse Season 2: War in Life,WeTV
The Penthouse Season 2: War in Life,Viki
The Penthouse Season 2: War in Life,iQIYI
The Penthouse Season 2: War in Life,Prime Video
The Penthouse Season 2: War in Life,Kocowa
Dr. Romantic,Apple TV
Dr. Romantic,Netflix
Dr. Romantic,WeTV
Dr. Romantic,Viki
Dr. Romantic,iQIYI
Dr. Romantic,VIU Indonesia
Dr. Romantic,SBS VOD
Dr. Romantic,Wavve
Dr. Romantic,SBS World
Dr. Romantic,HBO Max
Dr. Romantic,Kocowa
Defendant,Netflix
Defendant,Viki
Defendant,VIU Indonesia
Defendant,SBS VOD
Defendant,Kocowa
"Kill Me, Heal Me",Apple TV
"Kill Me, Heal Me",Netflix
"Kill Me, Heal Me",WeTV
"Kill Me, Heal Me",Viki
"Kill Me, Heal Me",China Huace TV
"Kill Me, Heal Me",Kocowa
My Name,Netflix
Bloodhounds,Netflix
Business Proposal,Netflix
Business Proposal,Wavve
The Kidnapping Day,Prime Video
The Kidnapping Day,TVING
The King of Pigs,Apple TV
The King of Pigs,Prime Video
The King of Pigs,TVING
The Worst of Evil,Disney+
The Worst of Evil,Disney+ Hotstar
The Worst of Evil,Hulu
Missing: The Other Side,Viki
Missing: The Other Side,iQIYI
Missing: The Other Side,VIU Indonesia
Missing: The Other Side,Netflix
Strangers from Hell,Apple TV
Strangers from Hell,Prime Video
Strangers from Hell,VIU Indonesia
Strangers from Hell,Roku
Strangers from Hell,Tubi
Chicago Typewriter,WeTV
Chicago Typewriter,Viki
Chicago Typewriter,Tubi
Revenant,Apple TV
Revenant,Disney+ Hotstar
Revenant,Hulu
Our Beloved Summer,Netflix
Our Beloved Summer,Wavve
18 Again,Netflix
18 Again,WeTV
18 Again,iQIYI
18 Again,TVING
18 Again,HBO Max
Our Blues,Netflix
Our Blues,TVING
Hot Stove League,Netflix
Hot Stove League,Viki
Hot Stove League,VIU Indonesia
Hot Stove League,Kocowa
My Perfect Stranger,Wavve
My Perfect Stranger,Viki
My Perfect Stranger,VIU Indonesia
My Perfect Stranger,Kocowa
The Fiery Priest,Apple TV
The Fiery Priest,Netflix
The Fiery Priest,Viki
The Fiery Priest,SBS World
The Fiery Priest,Kocowa
Descendants of the Sun,Apple TV
Descendants of the Sun,Netflix
Descendants of the Sun,WeTV
Descendants of the Sun,Viki
Descendants of the Sun,iQIYI
Descendants of the Sun,Hulu
Descendants of the Sun,iflix
Descendants of the Sun,VIU Indonesia
Tunnel,Apple TV
Tunnel,Netflix
Tunnel,WeTV
Tunnel,Viki
Tunnel,Tubi
Tunnel,Roku
Tunnel,Prime Video
The First Responders Season 2,Disney+
The First Responders Season 2,Disney+ Hotstar
The First Responders Season 2,Hulu
The First Responders Season 2,Wavve
Hotel del Luna,Apple TV
Hotel del Luna,Disney+ Hotstar
Hotel del Luna,Netflix
Hotel del Luna,WeTV
Hotel del Luna,Viki
Hotel del Luna,iQIYI
Hotel del Luna,Prime Video
Hotel del Luna,VIU Indonesia
Live,Netflix
Live,iQIYI
Live,Tubi
Live,Roku
Children of Nobody,Kocowa
Law School,Netflix
Ghost Doctor,Netflix
Ghost Doctor,Viki
Ghost Doctor,iQIYI
Ghost Doctor,TVING
Ghost Doctor,VIU Indonesia
Welcome to Samdal-ri,Netflix
Eulachacha Waikiki,Netflix
Eulachacha Waikiki,WeTV
Eulachacha Waikiki,Viki
Eulachacha Waikiki,iflix
Eulachacha Waikiki,VIU Indonesia
Eulachacha Waikiki,Prime Video
Eulachacha Waikiki,Tubi
Juvenile Justice,Netflix
All of Us Are Dead,Netflix
Go Back Couple,Netflix
Go Back Couple,Viki
Go Back Couple,iQIYI
Go Back Couple,VIU Indonesia
Go Back Couple,Kocowa
My Liberation Notes,Netflix
My Liberation Notes,TVING
Duty after School: Part 1,VIU Indonesia
Duty after School: Part 1,Viki
Once Again,Apple TV
Once Again,Netflix
Once Again,Viki
Once Again,VIU Indonesia
Once Again,Kocowa
Good Manager,Netflix
Good Manager,Viki
Good Manager,Kocowa
Big Mouth,Apple TV
Big Mouth,Disney+ Hotstar
Big Mouth,Disney+
Big Mouth,Wavve
Big Mouth,Hulu
Stranger Season 2,Netflix
My Father Is Strange,Apple TV
My Father Is Strange,Viki
My Father Is Strange,KBS World
My Father Is Strange,Kocowa
Blind,Apple TV
Blind,VIU Indonesia
Blind,TVING
Blind,Prime Video
Vigilante,Disney+
Vigilante,Hulu
Designated Survivor: 60 Days,Netflix
Bad and Crazy,Netflix
Bad and Crazy,iQIYI
Bad and Crazy,TVING
Bad and Crazy,Prime Video
Money Heist: Korea - Joint Economic Area - Part 2,Netflix
Beautiful World,Disney+ Hotstar
Beautiful World,Netflix
Age of Youth,Apple TV
Age of Youth,Netflix
Age of Youth,Prime Video
Age of Youth,Viki
Arthdal Chronicles Part 1: The Children of Prophecy,Netflix
Vagabond,Netflix
Rebel: Thief Who Stole the People,Netflix
Rebel: Thief Who Stole the People,Viki
Rebel: Thief Who Stole the People,Kocowa
Voice,Apple TV
Voice,iQIYI
Voice,Prime Video
Voice,VIU Indonesia
Voice,Tubi
Voice,Roku
Reborn Rich,Apple TV
Reborn Rich,Disney+
Reborn Rich,Viki
Reborn Rich,Netflix
Reborn Rich,TVING
Reborn Rich,VIU Indonesia
"Hi Bye, Mama!",Netflix
Avengers Social Club,Apple TV
Avengers Social Club,VIU Indonesia
Avengers Social Club,Tubi
Just Between Lovers,Apple TV
Just Between Lovers,Disney+ Hotstar
Just Between Lovers,Netflix
Just Between Lovers,WeTV
Just Between Lovers,Viki
Just Between Lovers,Kocowa
One Dollar Lawyer,Disney+ Hotstar
One Dollar Lawyer,Disney+
One Dollar Lawyer,Wavve
One Dollar Lawyer,Hulu
What's Wrong with Secretary Kim,Apple TV
What's Wrong with Secretary Kim,Netflix
What's Wrong with Secretary Kim,WeTV
What's Wrong with Secretary Kim,Viki
What's Wrong with Secretary Kim,iQIYI
What's Wrong with Secretary Kim,Hulu
What's Wrong with Secretary Kim,VIU Indonesia
Perfect Marriage Revenge,Viki
Perfect Marriage Revenge,TVING
Perfect Marriage Revenge,Wavve
Perfect Marriage Revenge,Netflix
365: Repeat the Year,Viki
365: Repeat the Year,Kocowa
Boyhood,Tubi
Boyhood,Viki
Mystic Pop-Up Bar,Netflix
Revenge of Others,Apple TV
Revenge of Others,Disney+ Hotstar
Revenge of Others,Disney+
Revenge of Others,Hulu
Doctor John,Apple TV
Doctor John,Netflix
Doctor John,Viki
Doctor John,SBS World
Doctor John,Kocowa
Save Me,Apple TV
Save Me,iQIYI
Save Me,Prime Video
Save Me,Tubi
Save Me,Roku
Nobody Knows,SBS World
Nobody Knows,Viki
Nobody Knows,Kocowa
W,Apple TV
W,Netflix
W,WeTV
W,Viki
W,iflix
Fight for My Way,Apple TV
Fight for My Way,Netflix
Fight for My Way,WeTV
Fight for My Way,Viki
Fight for My Way,iflix
Fight for My Way,VIU Indonesia
Fight for My Way,Kocowa
Kairos,Apple TV
Kairos,Viki
Kairos,Kocowa
Partners for Justice,Apple TV
Partners for Justice,Netflix
Partners for Justice,Viki
Partners for Justice,Kocowa
Little Women,Netflix
Voice Season 2,Apple TV
Voice Season 2,Netflix
Voice Season 2,Prime Video
Voice Season 2,Tubi
Voice Season 2,Roku
Recipe for Farewell,Viki
Recipe for Farewell,Prime Video
Recipe for Farewell,Kocowa
Love to Hate You,Netflix
Doom at Your Service,Apple TV
Doom at Your Service,Viki
Doom at Your Service,Prime Video
Doom at Your Service,TVING
Doom at Your Service,VIU Indonesia
Doom at Your Service,Netflix
Thirty but Seventeen,Apple TV
Thirty but Seventeen,Netflix
Thirty but Seventeen,WeTV
Thirty but Seventeen,Viki
Thirty but Seventeen,VIU Indonesia
Thirty but Seventeen,SBS World
Thirty but Seventeen,Tubi
Thirty but Seventeen,Kocowa
Mad for Each Other,Netflix
Mad for Each Other,Kakao TV
Squid Game,Netflix
Itaewon Class,Netflix
One Ordinary Day,VIU Indonesia
Tell Me That You Love Me,Disney+ Hotstar
Tell Me That You Love Me,Disney+
Tell Me That You Love Me,Hulu
Pachinko,Apple TV
"It's Okay, That's Friendship",
Love All Play,Apple TV
Love All Play,Disney+
Love All Play,Disney+ Hotstar
Because This Is My First Life,Apple TV
Because This Is My First Life,Disney+ Hotstar
Because This Is My First Life,Netflix
Because This Is My First Life,WeTV
Because This Is My First Life,Viki
Because This Is My First Life,iQIYI
Because This Is My First Life,VIU Indonesia
Because This Is My First Life,K-DRAMA
Because This Is My First Life,Tubi
Castaway Diva,Netflix
Castaway Diva,TVING
Gyeongseong Creature,Netflix
Dali and the Cocky Prince,Netflix
Dali and the Cocky Prince,Viki
Dali and the Cocky Prince,Prime Video
Dali and the Cocky Prince,VIU Indonesia
Dali and the Cocky Prince,Kocowa
Lost,iQIYI
Lost,Prime Video
Lost,TVING
Angel's Last Mission: Love,Apple TV
Angel's Last Mission: Love,Netflix
Angel's Last Mission: Love,Viki
Angel's Last Mission: Love,iQIYI
Angel's Last Mission: Love,Prime Video
Angel's Last Mission: Love,KBS World
Angel's Last Mission: Love,Kocowa
Circle,Apple TV
Circle,Tubi
Seasons of Blossom,Viki
If You Wish Upon Me,Viki
If You Wish Upon Me,Wavve
If You Wish Upon Me,VIU Indonesia
If You Wish Upon Me,Hulu
Summer Strike,Apple TV
Summer Strike,Viki
Summer Strike,Netflix
Snowdrop,Apple TV
Snowdrop,Disney+
Snowdrop,Disney+ Hotstar
The Crowned Clown,Netflix
The Crowned Clown,WeTV
The Crowned Clown,iQIYI
The Crowned Clown,Prime Video
The Crowned Clown,Viki
The Crowned Clown,Tubi
The Crowned Clown,Roku
Duel,Apple TV
Duel,Tubi
"Work Later, Drink Now",Apple TV
"Work Later, Drink Now",Prime Video
"Work Later, Drink Now",TVING
When the Camellia Blooms,Netflix
Player,Apple TV
Player,WeTV
Player,Viki
Player,iQIYI
Player,TVING
See You in My 19th Life,Netflix
See You in My 19th Life,TVING
Yumi's Cells,Viki
Yumi's Cells,iQIYI
Yumi's Cells,TVING
Yumi's Cells,Prime Video
A Time Called You,Netflix
My Country: The New Age,Netflix
Hello Monster,Apple TV
Hello Monster,Viki
Hello Monster,iQIYI
Hello Monster,VIU Indonesia
Tale of the Nine-Tailed,Netflix
Tale of the Nine-Tailed,WeTV
Tale of the Nine-Tailed,Viki
Tale of the Nine-Tailed,iQIYI
Tale of the Nine-Tailed,Prime Video
Tale of the Nine-Tailed,VIU Indonesia
Train,Viki
Train,iQIYI
Train,VIU Indonesia
Train,Tubi
Train,Roku
My Unfamiliar Family,Apple TV
My Unfamiliar Family,Netflix
My Unfamiliar Family,Viki
My Unfamiliar Family,iQIYI
My Unfamiliar Family,Tubi
My Unfamiliar Family,Roku
The Veil,Viki
The Veil,Prime Video
The Veil,Kocowa
Memorist,WeTV
Memorist,Viki
Memorist,iQIYI
Memorist,VIU Indonesia
Memorist,Tubi
Memorist,Roku
Voice Season 3: City of Accomplices,Apple TV
Voice Season 3: City of Accomplices,Roku
Voice Season 3: City of Accomplices,Tubi
Military Prosecutor Doberman,Viki
Military Prosecutor Doberman,iQIYI
Military Prosecutor Doberman,Netflix
"From Now On, Showtime!",Viki
"From Now On, Showtime!",VIU Indonesia
Age of Youth Season 2,Netflix
Age of Youth Season 2,Viki
Sh**ting Stars,Apple TV
Sh**ting Stars,WeTV
Sh**ting Stars,Viki
Sh**ting Stars,iQIYI
Sh**ting Stars,TVING
Sh**ting Stars,VIU Indonesia
Sh**ting Stars,Netflix
Birthcare Center,WeTV
Birthcare Center,Viki
Birthcare Center,iQIYI
Birthcare Center,Netflix
100 Days My Prince,Apple TV
100 Days My Prince,Netflix
100 Days My Prince,WeTV
100 Days My Prince,Viki
100 Days My Prince,iQIYI
100 Days My Prince,VIU Indonesia
100 Days My Prince,Prime Video
Yumi's Cells Season 2,Viki
Yumi's Cells Season 2,Prime Video
The Forbidden Marriage,Apple TV
The Forbidden Marriage,Viki
The Forbidden Marriage,Prime Video
The Forbidden Marriage,Kocowa
My Roommate Is a Gumiho,Apple TV
My Roommate Is a Gumiho,Netflix
My Roommate Is a Gumiho,Viki
My Roommate Is a Gumiho,iQIYI
My Roommate Is a Gumiho,TVING
My Roommate Is a Gumiho,Prime Video
One Day Off,Viki
One Day Off,Lemino
One Day Off,Kocowa
Psychopath Diary,Viki
Psychopath Diary,VIU Indonesia
Psychopath Diary,Tubi
Psychopath Diary,Roku
True Beauty,Apple TV
True Beauty,Viki
True Beauty,Prime Video
True Beauty,VIU Indonesia
True Beauty,Netflix
Five Enough,Viki
Five Enough,Prime Video
Five Enough,KBS World
Five Enough,Kocowa
The Nokdu Flower,Netflix
The Nokdu Flower,Viki
The Nokdu Flower,SBS World
The Nokdu Flower,Tubi
The Nokdu Flower,Kocowa
One Spring Night,Netflix
He Is Psychometric,Apple TV
He Is Psychometric,WeTV
He Is Psychometric,Viki
He Is Psychometric,iQIYI
He Is Psychometric,Prime Video
He Is Psychometric,Tubi
"At a Distance, Spring Is Green",Apple TV
"At a Distance, Spring Is Green",Viki
"At a Distance, Spring Is Green",iQIYI
A Bloody Lucky Day,TVING
Gaus Electronics,Viki
The Tale of Nokdu,Apple TV
The Tale of Nokdu,Netflix
The Tale of Nokdu,Viki
The Tale of Nokdu,iQIYI
The Tale of Nokdu,Kocowa
The Hymn of Death,Netflix
Search: WWW,Apple TV
Search: WWW,Disney+ Hotstar
Search: WWW,Netflix
Search: WWW,WeTV
Search: WWW,Viki
Search: WWW,iflix
Search: WWW,Prime Video
Search: WWW,Tubi
Money Heist: Korea - Joint Economic Area - Part 1,Netflix
The King's Affection,Netflix
Super Junior: The Last Man Standing,Disney+
Super Junior: The Last Man Standing,Hulu
The Beauty Inside,Apple TV
The Beauty Inside,Disney+ Hotstar
The Beauty Inside,Netflix
The Beauty Inside,WeTV
The Beauty Inside,Viki
The Beauty Inside,iQIYI
The Beauty Inside,iflix
The Beauty Inside,Kocowa
The Sound of Your Heart,Netflix
God's Quiz: Reboot,Apple TV
Confession,Apple TV
Confession,Tubi
Confession,Roku
Class of Lies,Apple TV
Class of Lies,Viki
Class of Lies,VIU Indonesia
Rookie Cops,Apple TV
Rookie Cops,Disney+
Rookie Cops,Disney+ Hotstar
Rookie Cops,Hulu
Call It Love,Apple TV
Call It Love,Disney+ Hotstar
Call It Love,Disney+
Call It Love,Hulu
Terius behind Me,Kocowa
She Makes My Heart Flutter,
Again My Life,Viki
Oh My Ghost,Disney+ Hotstar
Oh My Ghost,Netflix
Oh My Ghost,WeTV
Oh My Ghost,Viki
Oh My Ghost,iQIYI
Oh My Ghost,Prime Video
Oh My Ghost,AsianCrush
Oh My Ghost,Tubi
Arthdal Chronicles: The Sword of Aramun,Disney+
Arthdal Chronicles: The Sword of Aramun,TVING
Arthdal Chronicles: The Sword of Aramun,Hulu
Divorce Attorney Shin,Netflix
Hit the Spot,Viki
Suspicious Partner,Apple TV
Suspicious Partner,Netflix
Suspicious Partner,WeTV
Suspicious Partner,Viki
Suspicious Partner,iQIYI
Suspicious Partner,VIU Indonesia
Suspicious Partner,SBS World
Suspicious Partner,Kocowa
Leverage,iQIYI
Leverage,VIU Indonesia
Memory,Apple TV
Memory,Tubi
Graceful Family,Viki
My Demon,Netflix
Lawless Lawyer,Apple TV
Lawless Lawyer,Netflix
Lawless Lawyer,WeTV
Lawless Lawyer,Viki
Lawless Lawyer,iQIYI
Awaken,Netflix
Awaken,WeTV
Awaken,Viki
Awaken,iQIYI
The Guardians,Netflix
The Guardians,Kocowa
King the Land,Netflix
King the Land,TVING
D-Day,Viki
D-Day,Kocowa
Celebrity,Netflix
Missing Noir M,
Oh My Venus,Apple TV
Oh My Venus,Netflix
Oh My Venus,WeTV
Oh My Venus,Viki
Oh My Venus,iflix
Oh My Venus,VIU Indonesia
Oh My Venus,Kocowa
Watcher,Apple TV
Watcher,Disney+ Hotstar
Watcher,Viki
The Story of Park's Marriage Contract,Wavve
The Story of Park's Marriage Contract,Viki
The Story of Park's Marriage Contract,VIU Indonesia
Touch Your Heart,Apple TV
Touch Your Heart,Netflix
Touch Your Heart,WeTV
Touch Your Heart,Viki
Touch Your Heart,iQIYI
Touch Your Heart,iWant TFC
Touch Your Heart,VIU Indonesia
The Smile Has Left Your Eyes,Apple TV
The Smile Has Left Your Eyes,iQIYI
The Smile Has Left Your Eyes,Viki
Bulgasal: Immortal Souls,Netflix
Bulgasal: Immortal Souls,TVING
Angry Mom,Apple TV
Angry Mom,Netflix
Angry Mom,Viki
Angry Mom,Kocowa
Love in the Moonlight,Apple TV
Love in the Moonlight,Netflix
Love in the Moonlight,WeTV
Love in the Moonlight,Viki
Love in the Moonlight,iQIYI
Love in the Moonlight,VIU Indonesia
Love in the Moonlight,Kocowa
Tell Me What You Saw,Viki
Tell Me What You Saw,Tubi
Oh My Geum Bi,
Thirty-Nine,Netflix
Thirty-Nine,TVING
Live Up to Your Name,Netflix
Love Playlist Season 4,WeTV
Love Playlist Season 4,PlayList Global
Are You Human Too?,Viki
Are You Human Too?,iQIYI
Are You Human Too?,Kocowa
May I Help You,Apple TV
May I Help You,Prime Video
Song of the Bandits,Netflix
Misty,Disney+ Hotstar
Misty,Netflix
Misty,Viki
Misty,iQIYI
Misty,Tubi
Misty,Kocowa
Queen for Seven Days,Apple TV
Queen for Seven Days,Netflix
Queen for Seven Days,Kocowa
Mine,Netflix
Mine,TVING
Queenmaker,Netflix
Welcome 2 Life,Apple TV
Welcome 2 Life,Viki
Welcome 2 Life,VIU Indonesia
Welcome 2 Life,Kocowa
Salon De Nabi,Prime Video
Rookie Historian Goo Hae Ryung,Netflix
Crazy Love,Disney+
Crazy Love,Disney+ Hotstar
Crazy Love,Hulu
Agency,Netflix
Agency,Viki
Agency,Tubi
A Korean Odyssey,Apple TV
A Korean Odyssey,Netflix
A Korean Odyssey,Viki
A Korean Odyssey,Tubi
Bad Prosecutor,VIU Indonesia
Bad Prosecutor,Viki
Bad Prosecutor,Wavve
Bad Prosecutor,Kocowa
Remember: War of the Son,Netflix
Remember: War of the Son,Viki
Remember: War of the Son,SBS World
Remember: War of the Son,Kocowa
The Sound of Magic,Apple TV
The Sound of Magic,Netflix
Who Are You: School 2015,Apple TV
Who Are You: School 2015,Netflix
Who Are You: School 2015,Viki
Who Are You: School 2015,iQIYI
Who Are You: School 2015,KBS World
Who Are You: School 2015,Kocowa
May It Please the Court,Disney+ Hotstar
May It Please the Court,Disney+
May It Please the Court,Hulu
The Good Detective Season 2,Viki
The Good Detective Season 2,Netflix
XX,PlayList Global
XX,Viki
XX,Kocowa
Find Me in Your Memory,Apple TV
Find Me in Your Memory,Netflix
Find Me in Your Memory,Viki
Find Me in Your Memory,Kocowa
Pegasus Market,Apple TV
Pegasus Market,TVING
When the Weather Is Fine,Apple TV
When the Weather Is Fine,Disney+ Hotstar
When the Weather Is Fine,WeTV
When the Weather Is Fine,Viki
When the Weather Is Fine,iQIYI
When the Weather Is Fine,Hulu
When the Weather Is Fine,iflix
When the Weather Is Fine,VIU Indonesia
When the Weather Is Fine,Netflix
The K2,Apple TV
The K2,WeTV
The K2,Viki
The K2,iQIYI
The K2,VIU Indonesia
The K2,Tubi
The K2,Prime Video
Semantic Error,Apple TV
Semantic Error,Viki
Diary of a Prosecutor,Disney+ Hotstar
Diary of a Prosecutor,Hulu
Diary of a Prosecutor,iflix
Diary of a Prosecutor,Netflix
Chief of Staff Season 2,Netflix
Something about 1 Percent,Netflix
Something about 1 Percent,Viki
Blue Birthday,WeTV
A Beautiful Mind,Viki
A Beautiful Mind,KBS World
A Beautiful Mind,Kocowa
Lovers of the Red Sky,Viki
"Fanletter, Please",Viki
"Fanletter, Please",Kocowa
Like Flowers in Sand,Netflix
Bloody Heart,Disney+
Bloody Heart,Disney+ Hotstar
Kill It,WeTV
Kill It,Viki
Kill It,iQIYI
Kill It,VIU Indonesia
Kill It,Tubi
Hyena,Netflix
Queen of Mystery,Apple TV
Queen of Mystery,Viki
Queen of Mystery,KBS World
Queen of Mystery,Kocowa
Jirisan,Viki
Jirisan,iQIYI
Jirisan,TVING
Jirisan,Netflix
Jirisan,Prime Video
Jirisan,Lemino
Run On,Netflix
Another Miss Oh,Disney+ Hotstar
Another Miss Oh,Netflix
Another Miss Oh,WeTV
Another Miss Oh,iQIYI
Another Miss Oh,Viki
Another Miss Oh,Tubi
Another Miss Oh,Prime Video
Miraculous Brothers,Viki
Miraculous Brothers,Netflix
The King: Eternal Monarch,Netflix
Black Knight,Netflix
Solomon's Perjury,Disney+ Hotstar
Solomon's Perjury,Netflix
Solomon's Perjury,Viki
My Lovely Liar,Viki
My Lovely Liar,TVING
My Lovely Liar,VIU Indonesia
To My Star Season 2: Our Untold Stories,Viki
To My Star Season 2: Our Untold Stories,TVING
To My Star Season 2: Our Untold Stories,Tubi
Black Dog,Netflix
Black Dog,VIU Indonesia
Search,Viki
Search,iQIYI
Uncle,Viki
The Secret Romantic Guesthouse,Viki
The Secret Romantic Guesthouse,VIU Indonesia
The Secret Romantic Guesthouse,Prime Video
The Secret Romantic Guesthouse,Hulu
Somehow 18,iflix
Inspector Koo,Netflix
Light on Me,WeTV
Light on Me,Viki
Light on Me,KOK TV
Light on Me,Kocowa
Destined with You,Netflix
Destined with You,TVING
"Bring It On, Ghost",Apple TV
"Bring It On, Ghost",Netflix
"Bring It On, Ghost",WeTV
"Bring It On, Ghost",VIU Indonesia
"Bring It On, Ghost",Prime Video
"Bring It On, Ghost",Tubi
"Work Later, Drink Now Season 2",Apple TV
"Work Later, Drink Now Season 2",TVING
"Work Later, Drink Now Season 2",VIU Indonesia
The Light in Your Eyes,Apple TV
The Light in Your Eyes,Disney+ Hotstar
The Light in Your Eyes,Netflix
The Light in Your Eyes,Viki
The Light in Your Eyes,iQIYI
The Light in Your Eyes,Hulu
The Light in Your Eyes,Tubi
School 2017,Apple TV
School 2017,Netflix
School 2017,Viki
School 2017,iQIYI
School 2017,Kocowa
The Penthouse Season 3: War in Life,Netflix
The Penthouse Season 3: War in Life,WeTV
The Penthouse Season 3: War in Life,Viki
The Penthouse Season 3: War in Life,iQIYI
The Penthouse Season 3: War in Life,Prime Video
The Penthouse Season 3: War in Life,SBS World
The Penthouse Season 3: War in Life,VIU Indonesia
The Penthouse Season 3: War in Life,Kocowa
My Holo Love,Netflix
Go Ho's Starry Night,Viki
Go Ho's Starry Night,Kocowa
Special Labor Inspector Jo,Kocowa
Woman of Dignity,Netflix
Woman of Dignity,Kocowa
Behind Your Touch,Netflix
Behind Your Touch,TVING
Café Minamdang,Netflix
Zombie Detective,Viki
Zombie Detective,VIU Indonesia
Zombie Detective,Kocowa
The Most Beautiful Goodbye,K-DRAMA
All-Boys High,
Uncontrollably Fond,Netflix
Uncontrollably Fond,WeTV
Uncontrollably Fond,Viki
Uncontrollably Fond,iQIYI
Uncontrollably Fond,VIU Indonesia
Uncontrollably Fond,Hulu
One the Woman,Viki
One the Woman,Prime Video
One the Woman,Netflix
One the Woman,Kocowa
Night Has Come,Apple TV
Night Has Come,Viki
Night Has Come,VIU Indonesia
Night Has Come,Netflix
Night Has Come,Wavve
Our Blooming Youth,Viki
Our Blooming Youth,Prime Video
Our Blooming Youth,Netflix
Why Her?,Apple TV
Why Her?,Viki
Why Her?,Hulu
A Piece of Your Mind,Apple TV
A Piece of Your Mind,WeTV
A Piece of Your Mind,Viki
A Piece of Your Mind,iQIYI
A Piece of Your Mind,VIU Indonesia
A Piece of Your Mind,Tubi
Shopping King Louie,Netflix
Shopping King Louie,Viki
Shopping King Louie,Kocowa
Evilive,Roku
Girls' Generation 1979,KBS World
Into the Ring,Netflix
Into the Ring,Viki
Into the Ring,VIU Indonesia
Into the Ring,Kocowa
Romance Is a Bonus Book,Netflix
Sassy Go Go,Netflix
Sassy Go Go,Viki
Sassy Go Go,KBS World
Sassy Go Go,Kocowa
Falling for Innocence,Apple TV
Falling for Innocence,Netflix
Falling for Innocence,WeTV
Falling for Innocence,Viki
Falling for Innocence,Tubi
Chimera,Viki
Chimera,TVING
Chimera,VIU Indonesia
The Silent Sea,Netflix
Eulachacha Waikiki Season 2,Netflix
Eulachacha Waikiki Season 2,WeTV
Eulachacha Waikiki Season 2,Viki
Eulachacha Waikiki Season 2,iflix
Eulachacha Waikiki Season 2,Prime Video
Never Twice,Viki
Never Twice,Kocowa
Start-Up,Netflix
Start-Up,TVING
A Breeze of Love,iQIYI
Familiar Wife,Apple TV
Familiar Wife,Netflix
Familiar Wife,WeTV
Familiar Wife,iQIYI
Familiar Wife,Prime Video
Familiar Wife,Viki
38 Task Force,Disney+ Hotstar
38 Task Force,Prime Video
38 Task Force,Tubi
Live On,Apple TV
Live On,WeTV
Live On,Viki
Live On,iQIYI
Live On,VIU Indonesia
Haechi,Netflix
Haechi,Viki
Haechi,SBS World
Haechi,Kocowa
Chocolate,Netflix
Maestra: Strings of Truth,Disney+
Maestra: Strings of Truth,Disney+ Hotstar
Maestra: Strings of Truth,Hulu
Idol: The Coup,iQIYI
Idol: The Coup,Prime Video
Suits,Netflix
Suits,VIU Indonesia
Suits,Tubi
Jealousy Incarnate,Netflix
Jealousy Incarnate,Viki
Jealousy Incarnate,SBS World
Jealousy Incarnate,SBS VOD
Jealousy Incarnate,Kocowa
Mask,Viki
Mask,SBS World
Mask,Kocowa
On the Verge of Insanity,Viki
On the Verge of Insanity,Prime Video
On the Verge of Insanity,Kocowa
Money Flower,Viki
Money Flower,Kocowa
True to Love,Prime Video
True to Love,TVING
Doctor Cha,Netflix
Doctor Cha,TVING
Narco-Saints,Netflix
Encounter,Apple TV
Encounter,Netflix
Encounter,Viki
Encounter,iQIYI
Encounter,VIU Indonesia
Encounter,Hulu
Not Others,Viki
Not Others,TVING
Not Others,VIU Indonesia
Not Others,Hulu
Love Playlist Season 2,WeTV
Love Playlist Season 2,PlayList Global
Growing Season,WeTV
Growing Season,PlayList Global
Growing Season,Viki
Growing Season,Wavve
Catch the Ghost,Prime Video
Catch the Ghost,Roku
Remarriage and Desires,Netflix
To My Star,Apple TV
To My Star,WeTV
To My Star,Viki
To My Star,iQIYI
To My Star,VIU Indonesia
Korea-Khitan War,Apple TV
Korea-Khitan War,Netflix
Korea-Khitan War,Viki
Korea-Khitan War,Prime Video
Korea-Khitan War,Kocowa
Island,Prime Video
"Link: Eat, Love, Kill",Apple TV
"Link: Eat, Love, Kill",Disney+
"Link: Eat, Love, Kill",Disney+ Hotstar
"Link: Eat, Love, Kill",Hulu
Black,Apple TV
Black,iQIYI
Black,Netflix
Black,Roku
Persona: Sulli,Netflix
Love Revolution,Viki
Love Revolution,Hulu
Hwarang,Apple TV
Hwarang,Netflix
Hwarang,WeTV
Hwarang,Viki
Hwarang,Roku
Hwarang,Kocowa
Witch's Court,Apple TV
Witch's Court,Netflix
Witch's Court,KBS World
Witch's Court,Kocowa
The Package,Disney+ Hotstar
The Package,Netflix
The Package,WeTV
The Package,Viki
The Package,Tubi
The Package,TVING
Secret Royal Inspector,iQIYI
Secret Royal Inspector,Prime Video
My Strange Hero,Apple TV
My Strange Hero,Viki
My Strange Hero,SBS World
My Strange Hero,Kocowa
The Law Cafe,Apple TV
The Law Cafe,VIU Indonesia
The Law Cafe,Viki
The Law Cafe,Kocowa
Be My Dream Family,KBS World
Be My Dream Family,Kocowa
Mistress,Apple TV
Mistress,Viki
The Eighth Sense,Viki
Would You Like a Cup of Coffee?,WeTV
Would You Like a Cup of Coffee?,Viki
Would You Like a Cup of Coffee?,Kakao TV
Would You Like a Cup of Coffee?,Netflix
Would You Like a Cup of Coffee?,Tubi
Would You Like a Cup of Coffee?,Kocowa
Do You Like Brahms?,Netflix
Do You Like Brahms?,Viki
Do You Like Brahms?,SBS World
Do You Like Brahms?,VIU Indonesia
Do You Like Brahms?,Kocowa
The Witch's Diner,Apple TV
The Witch's Diner,WeTV
The Witch's Diner,Viki
The Witch's Diner,iflix
The Killer's Shopping List,Viki
The Killer's Shopping List,iQIYI
The Killer's Shopping List,TVING
Your Honor,Apple TV
Your Honor,Viki
Your Honor,SBS World
Your Honor,Kocowa
Insider,Viki
Love Playlist Season 3,WeTV
Love Playlist Season 3,PlayList Global
The Good Wife,
Hit the Top,Apple TV
Hit the Top,Netflix
Hit the Top,Viki
Hit the Top,Kocowa
Save Me Season 2,Prime Video
Save Me Season 2,Roku
You Are My Spring,Netflix
You Are My Spring,TVING
Twenty Again,Apple TV
Twenty Again,Netflix
Twenty Again,Tubi
Blueming,iQIYI
A-Teen,Netflix
A-Teen,WeTV
A-Teen,PlayList Global
A-Teen,Viki
A-Teen,Wavve
A-Teen,Kocowa
Anna: Extended Version,Prime Video
The Killing Vote,Prime Video
The Killing Vote,Wavve
Marriage Contract,Netflix
Marriage Contract,Viki
Marriage Contract,Kocowa
Miss Hammurabi,Netflix
Miss Hammurabi,WeTV
Miss Hammurabi,Viki
Miss Hammurabi,VIU Indonesia
Miss Hammurabi,Tubi
She Was Pretty,Apple TV
She Was Pretty,Netflix
She Was Pretty,WeTV
She Was Pretty,Viki
She Was Pretty,iQIYI
She Was Pretty,HBO Max
She Was Pretty,Kocowa
Life,Netflix
Life,Viki
Children of a Lesser God,Apple TV
Children of a Lesser God,Roku
Children of a Lesser God,Tubi
Miracle That We Met,Viki
Miracle That We Met,Kocowa
Kiss Sixth Sense,Disney+ Hotstar
Kiss Sixth Sense,Disney+
Kiss Sixth Sense,Hulu
Brain Works,Viki
Brain Works,Wavve
Brain Works,Netflix
Brain Works,Kocowa
Chief of Staff,Netflix
The Secret Life of My Secretary,Netflix
The Secret Life of My Secretary,WeTV
The Secret Life of My Secretary,Viki
The Secret Life of My Secretary,SBS World
The Secret Life of My Secretary,VIU Indonesia
The Secret Life of My Secretary,Kocowa
Bossam: Steal the Fate,Viki
Shadow Detective Season 2,Disney+
Shadow Detective Season 2,Hulu
It's Okay to Be Sensitive,tvN D STORY
Tomorrow with You,Apple TV
Tomorrow with You,Netflix
Tomorrow with You,WeTV
Tomorrow with You,Viki
Tomorrow with You,iQIYI
Tomorrow with You,VIU Indonesia
Tomorrow with You,Tubi
Island Part 2,Prime Video
Ho Goo's Love,Prime Video
Ho Goo's Love,AsianCrush
Ho Goo's Love,Tubi
Wok of Love,Apple TV
Wok of Love,Netflix
Wok of Love,Viki
Wok of Love,VIU Indonesia
Wok of Love,SBS World
Wok of Love,Kocowa
Something in the Rain,Netflix
Something in the Rain,Viki
Something in the Rain,Tubi
Something in the Rain,Kocowa
Unlock My Boss,Viki
Unlock My Boss,Prime Video
Unlock My Boss,Netflix
The Golden Spoon,Disney+ Hotstar
The Golden Spoon,Disney+
The Golden Spoon,Hulu
Memories of the Alhambra,Netflix
Dear.M,WeTV
Dear.M,Viki
Dear.M,iQIYI
Dear.M,VIU Indonesia
Dear.M,Wavve
Moment at Eighteen,Netflix
Moment at Eighteen,WeTV
Moment at Eighteen,Viki
Moment at Eighteen,VIU Indonesia
Moment at Eighteen,Kocowa
Dinner Mate,iQIYI
Dinner Mate,Prime Video
Argon,Netflix
Argon,Tubi
Argon,Roku
"Poong, the Joseon Psychiatrist",Apple TV
"Poong, the Joseon Psychiatrist",Viki
"Poong, the Joseon Psychiatrist",WeTV
"Poong, the Joseon Psychiatrist",Netflix
Sweet Home Season 2,Netflix
Shadow Detective,Disney+ Hotstar
Shadow Detective,Disney+
Shadow Detective,Hulu
She Would Never Know,Netflix
She Would Never Know,iQIYI
She Would Never Know,Prime Video
Dokgo Rewind,Viki
"Poong, the Joseon Psychiatrist Season 2",Viki
"Poong, the Joseon Psychiatrist Season 2",VIU Indonesia
Shadow Beauty,WeTV
Shadow Beauty,Viki
Shadow Beauty,Kakao TV
Heart Surgeons,Viki
Heart Surgeons,SBS World
Doctor Lawyer,Disney+ Hotstar
Doctor Lawyer,Disney+
Doctor Lawyer,Hulu
The Universe’s Star,
Joseon Attorney: A Morality,Viki
Joseon Attorney: A Morality,Kocowa
Imitation,Netflix
Imitation,Viki
Imitation,iQIYI
Imitation,Prime Video
The Last Empress,Netflix
The Last Empress,Viki
The Last Empress,iQIYI
The Last Empress,SBS World
The Last Empress,Kocowa
V.I.P,Netflix
V.I.P,Viki
V.I.P,Kocowa
Undercover,
Never Give Up,Netflix
Love Playlist,WeTV
Love Playlist,PlayList Global
Spring Turns to Spring,Apple TV
Spring Turns to Spring,Viki
Spring Turns to Spring,Kocowa
"Please Come Back, Mister",Apple TV
"Please Come Back, Mister",Viki
"Please Come Back, Mister",SBS World
"Please Come Back, Mister",Kocowa
"Hello, Me!",Netflix
Twenty-Twenty,WeTV
Twenty-Twenty,PlayList Global
Twenty-Twenty,Viki
The Emperor: Owner of the Mask,Netflix
The Emperor: Owner of the Mask,Kocowa
Here's My Plan,Viki
Here's My Plan,Wavve
Here's My Plan,Kocowa
Queen of Mystery Season 2,Apple TV
Queen of Mystery Season 2,Viki
Queen of Mystery Season 2,Kocowa
When the Devil Calls Your Name,iQIYI
Secret Mother,Viki
Secret Mother,SBS World
Secret Mother,Kocowa
A-Teen Season 2,WeTV
A-Teen Season 2,PlayList Global
A-Teen Season 2,Viki
A-Teen Season 2,Wavve
Less Than Evil,Viki
Less Than Evil,Kocowa
So I Married an Anti-Fan,Viki
So I Married an Anti-Fan,iQIYI
So I Married an Anti-Fan,Hulu
So I Married an Anti-Fan,Prime Video
So I Married an Anti-Fan,Wavve
The Boy Next Door,Dingo K-Drama
Take 1,Netflix
Pied Piper,
The Great Shaman Ga Doo Shim,Viki
The Great Shaman Ga Doo Shim,iQIYI
The Great Shaman Ga Doo Shim,Hulu
Last,Viki
Priest,Apple TV
Priest,Tubi
Priest,Roku
Real:Time:Love Season 2,WeTV
Mrs. Cop,Apple TV
Mrs. Cop,Viki
Mrs. Cop,SBS World
Mrs. Cop,SBS VOD
Mrs. Cop,Kocowa
The Lies Within,Netflix
Falsify,Netflix
Falsify,Viki
Falsify,SBS World
Falsify,Kocowa
Once Upon a Small Town,Netflix
Just Dance,Viki
Just Dance,KBS World
Just Dance,Kocowa
The Wind Blows,Netflix
It's Okay to Be Sensitive Season 2,tvN D STORY
School 2021,Viki
Police University,Netflix
Police University,Viki
Police University,Prime Video
Police University,VIU Indonesia
Sing My Crush,iQIYI
My Beautiful Bride,Prime Video
My Beautiful Bride,Tubi
Lovestruck in the City,Netflix
Lovestruck in the City,Kakao TV
Dr. Brain,Apple TV
Decoy: Part 1,Viki
Decoy: Part 1,Prime Video
Let's Eat Season 2,Tubi
It's Beautiful Now,KBS World
It's Beautiful Now,Wavve
It's Beautiful Now,Viki
It's Beautiful Now,Kocowa
Fall for You,Apple TV
Fall for You,Netflix
Fall for You,Wavve
Fall for You,TVING
Marry Me Now?,Apple TV
Marry Me Now?,Viki
Marry Me Now?,KBS World
Marry Me Now?,Kocowa
Our Dating Sim,Viki
Tracer,Wavve
Tracer,Viki
Tracer,Kocowa
W.H.Y.,PlayList Global
One Fine Week,Viki
One Fine Week,KOK TV
One Fine Week,Kocowa
Love Affairs in the Afternoon,Viki
Goodbye to Goodbye,Kocowa
Doctors,Apple TV
Doctors,Netflix
Doctors,Viki
Doctors,Prime Video
Doctors,SBS World
Doctors,VIU Indonesia
Doctors,SBS VOD
Doctors,Kocowa
Cheo Yong Season 2,
Kiss Scene in Yeonnamdong,
All about My Mom,Viki
All about My Mom,Prime Video
All about My Mom,KBS World
All about My Mom,Wavve
All about My Mom,Kocowa
The Gentlemen of Wolgyesu Tailor Shop,KBS World
The Gentlemen of Wolgyesu Tailor Shop,Kocowa
Good Job,Viki
Good Job,iQIYI
My Man Is Cupid,Prime Video
Devilish Joy,Apple TV
Devilish Joy,Viki
Devilish Joy,Prime Video
Where Your Eyes Linger,Apple TV
Where Your Eyes Linger,WeTV
Where Your Eyes Linger,Viki
Queen: Love and War,iQIYI
My Golden Life,Apple TV
My Golden Life,Netflix
My Golden Life,Viki
My Golden Life,KBS World
My Golden Life,Kocowa
Just One Bite Season 2,WeTV
Just One Bite Season 2,PlayList Global
Let Me Be Your Knight,Viki
Let Me Be Your Knight,iQIYI
Battle for Happiness,Prime Video
Battle for Happiness,Viki
Battle for Happiness,Lemino
River Where the Moon Rises,Apple TV
River Where the Moon Rises,Viki
Queen of the Ring,
The Girl Who Sees Scents,Netflix
The Girl Who Sees Scents,Viki
The Girl Who Sees Scents,SBS World
The Girl Who Sees Scents,VIU Indonesia
The Girl Who Sees Scents,Kocowa
Joseon Exorcist,WeTV
Hope or Dope 2,Viki
Big Issue,Apple TV
Big Issue,Viki
Big Issue,SBS World
Big Issue,Kocowa
Where Stars Land,Apple TV
Where Stars Land,Netflix
Where Stars Land,Viki
Where Stars Land,SBS World
Where Stars Land,VIU Indonesia
Where Stars Land,Kocowa
Heart to Heart,
Mental Coach Jegal,Apple TV
Mental Coach Jegal,Viki
"My Lawyer, Mr. Jo",Viki
"My Lawyer, Mr. Jo",Kocowa
Wednesday 3:30 PM,Viki
Cross,Tubi
Cross,Roku
The Matchmakers,Viki
The Matchmakers,Wavve
The Matchmakers,VIU Indonesia
The Matchmakers,Netflix
Scripting Your Destiny,Apple TV
Scripting Your Destiny,Viki
Scripting Your Destiny,iQIYI
Scripting Your Destiny,Tubi
Scripting Your Destiny,Roku
The Cursed,Apple TV
The Cursed,Netflix
The Cursed,WeTV
The Cursed,iQIYI
The Cursed,Tubi
The Cursed,Prime Video
The Cursed,Roku
Be My Boyfriend,Apple TV
Be My Boyfriend,WeTV
Be My Boyfriend,Viki
Be My Boyfriend,KOK TV
Nice Witch,SBS World
Nice Witch,Kocowa
Miss Independent Ji Eun Season 2,Dingo K-Drama
Moebius: The Veil,Prime Video
Moebius: The Veil,Viki
Moebius: The Veil,Kocowa
Hospital Ship,Netflix
Hospital Ship,Kocowa
Today's Webtoon,Viki
Today's Webtoon,VIU Indonesia
Today's Webtoon,Hulu
Miss Independent Ji Eun,Dingo K-Drama
Kiss Goblin,Apple TV
Kiss Goblin,Viki
Kiss Goblin,KOK TV
One More Happy Ending,Netflix
One More Happy Ending,Viki
One More Happy Ending,Kocowa
I Started Following Romance,Viki
I Started Following Romance,Kocowa
A Poem a Day,VIU Indonesia
A Poem a Day,Tubi
The One and Only,Netflix
The One and Only,Viki
The One and Only,TVING
The One and Only,Prime Video
Money Game,Apple TV
Money Game,WeTV
Money Game,VIU Indonesia
Tracer Season 2,Viki
Secret Royal Inspector & Joy,Netflix
Secret Royal Inspector & Joy,WeTV
Secret Royal Inspector & Joy,Viki
Secret Royal Inspector & Joy,iQIYI
Secret Royal Inspector & Joy,TVING
Secret Royal Inspector & Joy,Hulu
Numbers,Apple TV
Numbers,Viki
Numbers,Kocowa
Eve,Apple TV
Eve,Viki
Eve,iQIYI
Eve,Netflix
Should We Kiss First?,SBS World
Should We Kiss First?,Kocowa
Different Dreams,Viki
Different Dreams,Kocowa
Matrimonial Chaos,Viki
Matrimonial Chaos,Netflix
Matrimonial Chaos,Kocowa
Trap,Apple TV
Two Cops,Apple TV
Two Cops,Netflix
Two Cops,Viki
Two Cops,Kocowa
Good Casting,Viki
Good Casting,SBS World
Good Casting,Kocowa
Abyss,Netflix
When My Love Blooms,Netflix
When My Love Blooms,WeTV
When My Love Blooms,Viki
When My Love Blooms,iQIYI
When My Love Blooms,Tubi
Delightfully Deceitful,Apple TV
Delightfully Deceitful,TVING
Delightfully Deceitful,VIU Indonesia
Hope or Dope,Viki
My Lovely Boxer,Viki
My Lovely Boxer,Wavve
My Lovely Boxer,Prime Video
My Lovely Boxer,Kocowa
Naked Fireman,Viki
Naked Fireman,Kocowa
Love Tractor,iQIYI
Delivery Man,Viki
Delivery Man,VIU Indonesia
We Are Peaceful Brothers,KOK TV
Forest,Apple TV
Forest,Viki
Decoy: Part 2,Viki
"Saimdang, Light’s Diary",Netflix
"Saimdang, Light’s Diary",Viki
"Saimdang, Light’s Diary",Prime Video
"Saimdang, Light’s Diary",AsianCrush
"Saimdang, Light’s Diary",Tubi
Soul Mechanic,Viki
Soul Mechanic,Kocowa
Strongest Deliveryman,Netflix
Strongest Deliveryman,Tubi
Strongest Deliveryman,Kocowa
Sweet Revenge,Apple TV
Sweet Revenge,Viki
Sweet Revenge,AsianCrush
Sweet Revenge,Tubi
The Mermaid Prince: The Beginning,
Anna,Prime Video
The Game: Towards Zero,Viki
The Game: Towards Zero,Kocowa
Your House Helper,Viki
Your House Helper,Kocowa
"Cheat On Me, if You Can",Apple TV
"Cheat On Me, if You Can",Viki
"Cheat On Me, if You Can",VIU Indonesia
"Cheat On Me, if You Can",Kocowa
20th Century Boy and Girl,Kocowa
Switch: Change the World,Viki
Switch: Change the World,SBS World
Switch: Change the World,Kocowa
My Wife’s Having an Affair This Week,Disney+ Hotstar
Chip In,Viki
Chip In,VIU Indonesia
Chip In,Kocowa
Beautiful Gong Shim,Apple TV
Beautiful Gong Shim,Netflix
Beautiful Gong Shim,Viki
Beautiful Gong Shim,SBS World
Beautiful Gong Shim,Kocowa
Criminal Minds,WeTV
Criminal Minds,iQIYI
Criminal Minds,VIU Indonesia
Just One Bite,WeTV
Just One Bite,PlayList Global
Yong Pal,Netflix
Yong Pal,Viki
Yong Pal,SBS World
Yong Pal,SBS VOD
Yong Pal,Kocowa
Grand Prince,Viki
Ga Doo Ri’s Sushi Restaurant,Viki
Ga Doo Ri’s Sushi Restaurant,KOK TV
Ga Doo Ri’s Sushi Restaurant,Wavve
Ga Doo Ri’s Sushi Restaurant,Kocowa
Flower Crew: Joseon Marriage Agency,Disney+ Hotstar
Flower Crew: Joseon Marriage Agency,Netflix
Flower Crew: Joseon Marriage Agency,WeTV
Flower Crew: Joseon Marriage Agency,Viki
Flower Crew: Joseon Marriage Agency,iQIYI
Flower Crew: Joseon Marriage Agency,Prime Video
Flower Crew: Joseon Marriage Agency,Kocowa
Roommates of Poongduck 304,Viki
Roommates of Poongduck 304,Wavve
The Flower in Prison,Viki
The Flower in Prison,Kocowa
Dating Class,tvN D STORY
Kkondae Intern,Netflix
Kkondae Intern,WeTV
Kkondae Intern,Viki
Kkondae Intern,VIU Indonesia
Kkondae Intern,Kocowa
The Scholar Who Walks the Night,Netflix
The Scholar Who Walks the Night,Viki
The Scholar Who Walks the Night,Kocowa
Timing,Viki
Cherry Blossoms after Winter,Apple TV
Cherry Blossoms after Winter,WeTV
Cherry Blossoms after Winter,Viki
My Love Eun Dong,Netflix
My Love Eun Dong,Viki
Man to Man,Netflix
Man to Man,Viki
The Temperature of Language: Our Nineteen,Apple TV
The Temperature of Language: Our Nineteen,Viki
The Temperature of Language: Our Nineteen,tvN D STORY
Homemade Love Story,Viki
Homemade Love Story,KBS World
Homemade Love Story,Netflix
Homemade Love Story,Kocowa
The Great Show,Roku
The Deal,Wavve
The Deal,Viki
Super Family,SBS World
Sisyphus: The Myth,Netflix
Return,SBS World
Return,Kocowa
Cinderella and the Four Knights,Apple TV
Cinderella and the Four Knights,Netflix
Cinderella and the Four Knights,Viki
Cinderella and the Four Knights,Tubi
Cinderella and the Four Knights,Kocowa
Love after School,STUDIO DIA
Longing Heart,Viki
Longing Heart,Tubi
How to Buy a Friend,Viki
How to Buy a Friend,Kocowa
King Maker: The Change of Destiny,Viki
King Maker: The Change of Destiny,K-DRAMA
How to Hate You,Lululala Story Lab
The Village: Achiara's Secret,Viki
The Village: Achiara's Secret,SBS World
The Village: Achiara's Secret,Kocowa
My Dangerous Wife,Apple TV
My Dangerous Wife,Viki
My Dangerous Wife,iQIYI
Sweet Revenge Season 2,Viki
Sweet Revenge Season 2,AsianCrush
Sweet Revenge Season 2,Tubi
Longing for You,Viki
Longing for You,TVING
Longing for You,Netflix
Longing for You,Lemino
Late Night Restaurant,Prime Video
Adult Trainee,Apple TV
Adult Trainee,TVING
The Royal Gambler,Netflix
The Royal Gambler,Viki
The Royal Gambler,SBS World
The Royal Gambler,Kocowa
Girlfriend Project Day 1,
Room No. 9,Roku
Room No. 9,Tubi
Love Class Season 2,Viki
Love Class Season 2,WeTV
"Miss Ma, Nemesis",Apple TV
"Miss Ma, Nemesis",Viki
"Miss Ma, Nemesis",Kocowa
My ID Is Gangnam Beauty,Apple TV
My ID Is Gangnam Beauty,Disney+ Hotstar
My ID Is Gangnam Beauty,Netflix
My ID Is Gangnam Beauty,WeTV
My ID Is Gangnam Beauty,Viki
My ID Is Gangnam Beauty,iQIYI
My ID Is Gangnam Beauty,iflix
My ID Is Gangnam Beauty,VIU Indonesia
My ID Is Gangnam Beauty,Prime Video
My ID Is Gangnam Beauty,Tubi
My ID Is Gangnam Beauty,Kocowa
"Alice, the Final Weapon",Viki
Introverted Boss,Netflix
Introverted Boss,WeTV
Introverted Boss,Tubi
Justice,Apple TV
Justice,Viki
Justice,KBS World
Justice,Kocowa
IN-SEOUL Season 2,PlayList Global
I Have a Lover,Viki
I Have a Lover,SBS World
I Have a Lover,iWant TFC
I Have a Lover,Kocowa
Cat's Bar,
So Not Worth it,Netflix
Stealer: The Treasure Keeper,Apple TV
Stealer: The Treasure Keeper,TVING
Stealer: The Treasure Keeper,Tubi
Stealer: The Treasure Keeper,Roku
Can You Deliver Time? 2002,배티비 (BAETV)
Doona!,Netflix
A Good Day to Be a Dog,Viki
A Good Day to Be a Dog,VIU Indonesia
A Good Day to Be a Dog,Netflix
Payback: Money and Power,Prime Video
Payback: Money and Power,Wavve
Judge vs. Judge,Netflix
Judge vs. Judge,Viki
Judge vs. Judge,SBS World
Judge vs. Judge,Kocowa
The King in Love,Apple TV
The King in Love,Viki
The King in Love,Kocowa
The World of My 17,Apple TV
The World of My 17,WeTV
The World of My 17,Viki
The World of My 17,tvN D STORY
The Ghost Detective,Viki
The Ghost Detective,Kocowa
You Raise Me Up,Viki
You Raise Me Up,Wavve
Moonshine,Apple TV
Moonshine,Viki
Moonshine,Prime Video
Moonshine,Kocowa
Trolley,Netflix
Trolley,Wavve
Ending Again,WeTV
Ending Again,PlayList Global
Ending Again,Viki
Ending Again,Wavve
One Fine Week Season 2,WeTV
One Fine Week Season 2,Viki
One Fine Week Season 2,KOK TV
My Only Love Song,Netflix
You Make Me Dance,WeTV
You Make Me Dance,Viki
You Make Me Dance,iflix
You Make Me Dance,VIU Indonesia
"Beautiful Love, Wonderful Life",Viki
"Beautiful Love, Wonderful Life",KBS World
"Beautiful Love, Wonderful Life",Kocowa
On the Way to the Airport,
When You Love Yourself,tvN D STORY
User Not Found,Viki
User Not Found,KOK TV
Lucky Romance,Apple TV
Lucky Romance,Netflix
Lucky Romance,Viki
Moon in the Day,Viki
Moon in the Day,TVING
Crash! Insignificant Roommates,Lululala Story Lab
Let's Eat Season 3,
Seventeen,WeTV
Seventeen,PlayList Global
Perfume,Apple TV
Perfume,Viki
Perfume,Kocowa
Awl,
Jugglers,Viki
Jugglers,Wavve
Jugglers,Kocowa
Jang Young Shil,KBS World
Sketch,Apple TV
Sketch,Disney+ Hotstar
Sketch,Viki
Out of Breath,
Melancholia,Netflix
Melancholia,WeTV
Melancholia,Viki
Melancholia,iQIYI
Melancholia,TVING
Melancholia,VIU Indonesia
Melancholia,Hulu
A Love So Beautiful,Netflix
A Love So Beautiful,Kakao TV
Like,Dingo K-Drama
Dr. Park’s Clinic,
Short,Viki
The Best Ending,WeTV
The Best Ending,PlayList Global
The Best Ending,Viki
Best Mistake,WeTV
Best Mistake,KOK TV
Best Mistake,Kocowa
Band of Sisters,Viki
Band of Sisters,SBS World
Band of Sisters,Kocowa
Delayed Justice,Apple TV
Delayed Justice,Viki
Delayed Justice,VIU Indonesia
Delayed Justice,Kocowa
Mother of Mine,KBS World
Mother of Mine,Viki
Mother of Mine,Kocowa
My Sassy Girl,Apple TV
My Sassy Girl,Netflix
My Sassy Girl,Viki
My Sassy Girl,SBS World
My Sassy Girl,Tubi
My Sassy Girl,Kocowa
Thumping Spike,Viki
Flower Ever After,WeTV
Flower Ever After,PlayList Global
Please Don't Date Him,Apple TV
Please Don't Date Him,WeTV
Please Don't Date Him,Viki
Please Don't Date Him,VIU Indonesia
Oh My Baby,Netflix
Oh My Baby,WeTV
Oh My Baby,Viki
Oh My Baby,iQIYI
Oh My Baby,VIU Indonesia
Oh My Baby,Tubi
Mask Girl,Netflix
Lies Hidden in My Garden,Viki
Lies Hidden in My Garden,TVING
Lies Hidden in My Garden,Prime Video
Lies Hidden in My Garden,Lemino
Romanced,
The Goddess of Revenge,Viki
Curtain Call,Apple TV
Curtain Call,Viki
Curtain Call,Prime Video
Curtain Call,Hulu
Dear My Name,WeTV
Dear My Name,PlayList Global
Love in Contract,Viki
Love in Contract,Prime Video
Love in Contract,Netflix
High-end Crush,Viki
When You Love Yourself Season 2,tvN D STORY
Love with Flaws,Apple TV
Love with Flaws,Viki
Love with Flaws,iQIYI
Love with Flaws,VIU Indonesia
Love with Flaws,Prime Video
Love with Flaws,Kocowa
Times,WeTV
Times,Viki
Times,iQIYI
Between Friendship and Love Season 3,
Casting a Spell to You,Viki
EXO Next Door,LINE TV
Entertainer,Viki
Entertainer,SBS World
Entertainer,Kocowa
Unintentional Love Story,iQIYI
Unintentional Love Story,TVING
Shine or Go Crazy,Viki
Shine or Go Crazy,Kocowa
The World of My 17 Season 2,WeTV
The World of My 17 Season 2,tvN D STORY
Connect,Apple TV
Connect,Disney+
Connect,Disney+ Hotstar
Connect,Hulu
"Not Alright, But It's Alright",PlayList Global
Dark Hole,WeTV
Dark Hole,Viki
Dark Hole,iQIYI
Big Bet Season 2,Disney+
Big Bet Season 2,Disney+ Hotstar
Big Bet Season 2,Hulu
Single & Ready to Mingle,WeTV
Single & Ready to Mingle,Viki
Single & Ready to Mingle,KOK TV
Whisper,Viki
Whisper,SBS World
Whisper,Kocowa
Oasis,Wavve
Oasis,Viki
My First First Love,Netflix
My First First Love Season 2,Netflix
"Bravo, My Life",KBS World
"Bravo, My Life",Viki
"Bravo, My Life",Kocowa
My Happy Ending,Apple TV
My Happy Ending,Viki
My Happy Ending,VIU Indonesia
My Happy Ending,Netflix
My Happy Ending,Wavve
My Happy Ending,TVING
Green Mothers' Club,Netflix
Green Mothers' Club,TVING
Dear My Room,K-DRAMA
Wanted,Viki
Wanted,SBS World
Wanted,SBS VOD
Wanted,Kocowa
Hidden Identity,Tubi
Hidden Identity,Roku
Adamas,Disney+ Hotstar
Adamas,Disney+
Adamas,Hulu
Stock Struck,TVING
Feel Good to Die,
Bad Guys: City of Evil,Netflix
Bad Guys: City of Evil,K-DRAMA
Sunny Again Tomorrow,KBS World
Time,Apple TV
Time,Viki
Time,Kocowa
All That We Loved,Apple TV
All That We Loved,Viki
All That We Loved,TVING
Clean with Passion for Now,Apple TV
Clean with Passion for Now,Netflix
Clean with Passion for Now,WeTV
Clean with Passion for Now,Viki
Clean with Passion for Now,iQIYI
Clean with Passion for Now,iflix
Clean with Passion for Now,Kocowa
Everything and Nothing,Viki
Everything and Nothing,Kocowa
Melting Me Softly,Apple TV
Melting Me Softly,Viki
Melting Me Softly,iQIYI
Melting Me Softly,K-DRAMA
Melting Me Softly,Prime Video
Melting Me Softly,Tubi
Baek Hee Has Returned,Viki
Baek Hee Has Returned,KBS World
Baek Hee Has Returned,Kocowa
Real:Time:Love Season 4,WeTV
Backstreet Rookie,Apple TV
Backstreet Rookie,Netflix
Backstreet Rookie,Viki
Backstreet Rookie,iQIYI
Backstreet Rookie,Prime Video
Find Me if You Can,
Legal High,Netflix
Legal High,Viki
Still Loving You,KBS World
Do Do Sol Sol La La Sol,Netflix
Mr. Heart,Apple TV
Mr. Heart,WeTV
Mr. Heart,Viki
Mirror of the Witch,Viki
High Class,Apple TV
High Class,WeTV
High Class,iQIYI
High Class,TVING
High Class,VIU Indonesia
Pale Moon,Apple TV
Pale Moon,TVING
Pale Moon,Viki
Monthly Magazine Home,Viki
Monthly Magazine Home,iQIYI
Monthly Magazine Home,Prime Video
Best Mistake Season 2,WeTV
Best Mistake Season 2,Viki
Best Mistake Season 2,KOK TV
Mimicus,Viki
Doctor Detective,Apple TV
Doctor Detective,Viki
Doctor Detective,Kocowa
Drinking Solo,
My Secret Romance,Apple TV
My Secret Romance,Netflix
My Secret Romance,Viki
Pumpkin Time,WeTV
Pumpkin Time,Viki
Pumpkin Time,Kakao TV
Bad Papa,Kocowa
A Shoulder to Cry On,Wavve
The Best Moment to Quit Your Job,
Moorim School,Netflix
Moorim School,Viki
Moorim School,Kocowa
Hanging On,Lululala Story Lab
"Father, I’ll Take Care of You",Viki
"Father, I’ll Take Care of You",Kocowa
No Time for Love,Dingo K-Drama
Ms. Temper & Nam Jung Gi,Viki
The Promise,KBS World
House of Lies,TVING
Let Me Introduce Her,Apple TV
Let Me Introduce Her,Viki
Let Me Introduce Her,SBS World
Let Me Introduce Her,Kocowa
A Pledge to God,Kocowa
My Romantic Some Recipe,
Real:Time:Love Season 3,WeTV
The Love in Your Eyes,Viki
The Love in Your Eyes,KBS World
The Love in Your Eyes,Wavve
The Love in Your Eyes,Kocowa
My Woofy Poofy Love,STUDIO DIA
Last Minute Romance,iflix
Long Time No See,Wavve
Pop Out Boy!,WeTV
Pop Out Boy!,PlayList Global
Pop Out Boy!,Viki
Heard It Through the Grapevine,Viki
Heard It Through the Grapevine,SBS World
Heard It Through the Grapevine,Kocowa
My Only One,Netflix
My Only One,Viki
My Only One,KBS World
My Only One,Kocowa
Top Star Yoo Baek,Apple TV
Fantastic,Disney+ Hotstar
Fantastic,Viki
Soundtrack #2,Disney+
Sisters-in-Law,
Eccentric! Chef Moon,Viki
Eccentric! Chef Moon,iQIYI
IN-SEOUL,PlayList Global
I Have Not Done My Best Yet,TVING
Nightmare Teacher,Netflix
Nightmare Teacher,Viki
"Bad Thief, Good Thief",Viki
"Bad Thief, Good Thief",Kocowa
Big Bet,Disney+
Big Bet,Disney+ Hotstar
Love in Sadness,Kocowa
Super Daddy Yeol,Tubi
Liver or Die,Netflix
Liver or Die,Viki
Liver or Die,Kocowa
Splendid Politics,Viki
Splendid Politics,Kocowa
Love & Wish,WeTV
Love & Wish,Viki
Love & Wish,Kakao TV
Show Window: The Queen's House,Viki
Because It's the First Time,iQIYI
Because It's the First Time,Tubi
Tempted,Apple TV
Tempted,Netflix
Tempted,Viki
Tempted,Kocowa
22 Flower Road,
My Husband Oh Jak Doo,Netflix
My Husband Oh Jak Doo,Kocowa
Ex-Girlfriend Club,Tubi
"The King of Tears, Lee Bang Won",Viki
"The King of Tears, Lee Bang Won",Prime Video
"The King of Tears, Lee Bang Won",Kocowa
Crime Puzzle,Viki
Reunited Worlds,Netflix
Reunited Worlds,Viki
Reunited Worlds,SBS World
Reunited Worlds,Kocowa
The Fabulous,Netflix
Second Husband,Viki
Second Husband,Prime Video
Second Husband,Kocowa
"Meow, the Secret Boy",Viki
"Meow, the Secret Boy",Kocowa
Forecasting Love and Weather,Netflix
Forecasting Love and Weather,TVING
Bitch X Rich,iQIYI
Bitch X Rich,VIU Indonesia
Bitch X Rich,Netflix
Bitch X Rich,Wavve
My Fellow Citizens!,Apple TV
My Fellow Citizens!,Netflix
My Fellow Citizens!,Viki
My Fellow Citizens!,Kocowa
Flat,
The Undateables,Viki
The Undateables,SBS World
The Undateables,Kocowa
To.Two,TVING
Hellbound,Netflix
Top Management,
Monstrous,Apple TV
Monstrous,TVING
Monstrous,VIU Indonesia
Family: The Unbreakable Bond,Disney+
Family: The Unbreakable Bond,Disney+ Hotstar
Family: The Unbreakable Bond,TVING
Family: The Unbreakable Bond,Hulu
Thumping Spike 2,Viki
"Noble, My Love",Apple TV
"Noble, My Love",Viki
"Noble, My Love",Wavve
Cheer Up,Viki
Cheer Up,VIU Indonesia
Cheer Up,SBS World
Cheer Up,Netflix
Cheer Up,Kocowa
Can I Step In?,
"No, Thank You",Viki
Want More 19,WeTV
Want More 19,PlayList Global
Person Who Gives Happiness,
Love for a Thousand More,
What's Your Blood Type?,
Cleaning Up,Netflix
Rugal,Netflix
Radio Romance,Netflix
Radio Romance,Viki
Radio Romance,Kocowa
Crushes Reverse,
Woman of 9.9 Billion,Viki
Woman of 9.9 Billion,Kocowa
The Banker,Viki
The Banker,Kocowa
Record of Youth,Netflix
Six Love Story,
Behind Every Star,Netflix
Radiant Office,Kocowa
Dae Jang Geum Is Watching,Viki
Dae Jang Geum Is Watching,Kocowa
Soul Plate,
Temperature of Love,Apple TV
Temperature of Love,Netflix
Temperature of Love,Viki
Temperature of Love,SBS World
Temperature of Love,Kocowa
The Heavenly Idol,Viki
The Escape of the Seven: War for Survival,Wavve
The Escape of the Seven: War for Survival,Viki
The Escape of the Seven: War for Survival,Prime Video
The Escape of the Seven: War for Survival,Kocowa
Convenience Store Fling,Dingo K-Drama
Color Rush,Apple TV
Color Rush,Viki
The Producers,Netflix
The Producers,WeTV
The Producers,Viki
The Producers,VIU Indonesia
The Producers,Kocowa
Witch's Love,Viki
Assembly,Viki
Assembly,Kocowa
Our Relationship Ended before It Began,
"Breakup Probation, A Week",Viki
Grid,Disney+
Grid,Disney+ Hotstar
Grid,Hulu
Golden Pouch,
Enemies from the Past,
Risky Romance,Apple TV
Risky Romance,Viki
Risky Romance,Prime Video
Risky Romance,AsianCrush
Risky Romance,Tubi
Risky Romance,Kocowa
Make a Woman Cry,
Failing in Love,Viki
Failing in Love,KOK TV
Failing in Love,Kocowa
Woman with a Suitcase,
Re-Feel,WeTV
Re-Feel,PlayList Global
About Time,Apple TV
About Time,Netflix
About Time,WeTV
About Time,iQIYI
About Time,VIU Indonesia
About Time,Tubi
Boss-dol Mart,Viki
Boss-dol Mart,TVING
"Remember, Hari 2",Tooniverse
New Love Playlist,Viki
Unicorn,
Bon Appetit,iQIYI
Love Is for Suckers,Viki
Love Is for Suckers,Prime Video
The Sound of Your Heart: Reboot Season 2,Netflix
Warm and Cozy,Netflix
Warm and Cozy,Viki
Warm and Cozy,Kocowa
"Yeah, That's How It Is",
Hush,iQIYI
Hush,Prime Video
Taste of Cat,
Let Me Off the Earth,PlayList Global
Hunted,Viki
The Spies Who Loved Me,iQIYI
The Spies Who Loved Me,Prime Video
Vampire Detective,Prime Video
Graceful Friends,Disney+ Hotstar
Graceful Friends,Netflix
Graceful Friends,iQIYI
I Wanna Hear Your Song,Viki
I Wanna Hear Your Song,Kocowa
Just One Bite: Pilot,PlayList Global
Must You Go?,Viki
Must You Go?,AsianCrush
Must You Go?,Prime Video
Youtuber Class,KOK TV
Not a Robot,Dingo K-Drama
Wish Woosh Season 2,WeTV
Wish Woosh Season 2,KOK TV
To Be Continued,
Ghost VRos,Viki
Ghost VRos,tvN D STORY
Ghost VRos,Kocowa
Wish You: Your Melody From My Heart,Netflix
Wish You: Your Melody From My Heart,WeTV
Wish You: Your Melody From My Heart,Viki
The Time We Were Not in Love,Viki
The Time We Were Not in Love,Kocowa
Lovers in Bloom,KBS World
A Model Family,Netflix
My Healing Love,Kocowa
The Guilty Secret,WeTV
The Guilty Secret,PlayList Global
The Guilty Secret,Viki
"Remember, Hari",WeTV
"Remember, Hari",Tooniverse
The Liar and His Lover,WeTV
The Liar and His Lover,Viki
The Liar and His Lover,iQIYI
The Liar and His Lover,K-DRAMA
The Liar and His Lover,Tubi
The Master of Revenge,Viki
The Master of Revenge,Kocowa
"Maybe, Maybe Not",STUDIO DIA
Hide and Seek,Apple TV
Hide and Seek,Kocowa
Mute,Viki
Doubtful Victory,SBS World
Doubtful Victory,Kocowa
"Hyde, Jekyll, Me",Netflix
"Hyde, Jekyll, Me",Viki
"Hyde, Jekyll, Me",SBS World
"Hyde, Jekyll, Me",iWant TFC
"Hyde, Jekyll, Me",VIU Indonesia
"Hyde, Jekyll, Me",Kocowa
4 Reasons Why I Hate Christmas,PlayList Global
"Good-bye, Mr. Black",Viki
The Lover,
Mrs. Cop Season 2,Apple TV
Mrs. Cop Season 2,SBS World
Mrs. Cop Season 2,Kocowa
I Picked Up a Star on the Road,Apple TV
I Picked Up a Star on the Road,Viki
Second to Last Love,Viki
Second to Last Love,SBS World
Second to Last Love,Kocowa
Govengers,Kocowa
9 Seconds: Eternal Time,
"Don't Lie, Rahee",KOK TV
Cold Blooded Intern,VIU Indonesia
Yellow,WeTV
Yellow,PlayList Global
Yellow,Viki
Yellow,Kocowa
"Romance, Talking",KBS World
"Romance, Talking",Kocowa
Love Scene Number,Viki
Love Scene Number,Kocowa
Love Mate,Viki
100% Era,
Love Playlist Pilot,PlayList Global
A Daughter Just Like You,Wavve
Summer Guys,Viki
Unkind Women,KBS World
Real:Time:Love,WeTV
Tong: Memories,Netflix
Tong: Memories,Viki
Love (ft. Marriage and Divorce) Season 2,Netflix
Your Imagination Becomes Reality,채널 십오야 15Ya
Yonder,Prime Video
The IDOLM@STER.KR,Prime Video
One More Time,Netflix
Pandora: Beneath the Paradise,Disney+
Pandora: Beneath the Paradise,Disney+ Hotstar
Pandora: Beneath the Paradise,Hulu
Secret Playlist,TVING
Rich Family's Son,Apple TV
Rich Family's Son,Viki
Rich Family's Son,Kocowa
Revolutionary Love,Apple TV
Revolutionary Love,Netflix
Revolutionary Love,WeTV
Revolutionary Love,Viki
Revolutionary Love,iQIYI
Revolutionary Love,iflix
Revolutionary Love,VIU Indonesia
Revolutionary Love,K-DRAMA
Society Obsessed with Love,tvN D STORY
Replay: The Moment When It Starts Again,Apple TV
Replay: The Moment When It Starts Again,Prime Video
Replay: The Moment When It Starts Again,Kakao TV
Replay: The Moment When It Starts Again,Tubi
Andante,Viki
Andante,Tubi
Private Lives,Netflix
"Nevertheless,",Netflix
Ms. Perfect,Viki
Ms. Perfect,Kocowa
To My Beautiful Woo Ri,
My Little Baby,Netflix
My Little Baby,Prime Video
My Little Baby,Tubi
Miracle,Apple TV
Miracle,Viki
Miracle,VIU Indonesia
Miracle,Netflix
Sweet Stranger and Me,Viki
Sweet Stranger and Me,Kocowa
Heartbeat Broadcasting Accident,
Alive,Viki
Alive,Lululala Story Lab
Alive,Kocowa
It's Okay to Be Sensitive Season 3,tvN D STORY
Alice,Netflix
Alice,Viki
Alice,SBS World
Alice,VIU Indonesia
Alice,Kocowa
Bargain,Apple TV
Bargain,TVING
Bargain,Prime Video
Desperate Mr. X,Wavve
Desperate Mr. X,Viki
Bite Sisters,tvN D STORY
House of Bluebird,KBS World
House of Bluebird,Viki
Hometown,Netflix
Hometown,WeTV
Hometown,iQIYI
Hometown,TVING
Glitch,Netflix
Dok Go Bin Is Updating,AsianCrush
The Bride of Habaek,Apple TV
The Bride of Habaek,Netflix
The Bride of Habaek,WeTV
The Bride of Habaek,Viki
The Bride of Habaek,iQIYI
The Bride of Habaek,VIU Indonesia
The Bride of Habaek,K-DRAMA
The Bride of Habaek,Tubi
First Love Story Season 2,
High Cookie,Netflix
Unasked Family,KBS World
Cheese in the Trap,Apple TV
Cheese in the Trap,Disney+ Hotstar
Cheese in the Trap,Netflix
Cheese in the Trap,WeTV
Cheese in the Trap,Viki
Cheese in the Trap,iQIYI
Cheese in the Trap,VIU Indonesia
Cheese in the Trap,K-DRAMA
Cheese in the Trap,Tubi
Fates & Furies,Viki
Fates & Furies,Kocowa
Duty after School: Part 2,Viki
Duty after School: Part 2,VIU Indonesia
Jinx,Kakao TV
Jinx,Viki
Jinx,Prime Video
Jinx,Kocowa
Meloholic,
Love Returns,KBS World
Happy Sisters,
Reflection of You,Netflix
Imaginary Cat,Viki
Back to the 2008,
Heartbeat,Apple TV
Heartbeat,Wavve
Heartbeat,Prime Video
Bravo My Life,Apple TV
Bravo My Life,Viki
Bravo My Life,SBS World
Bravo My Life,Kocowa
Secret Boutique,Viki
Secret Boutique,SBS World
Secret Boutique,Kocowa
The Sound of Your Heart: Reboot,Netflix
Peach of Time,
Golden Garden,Apple TV
Golden Garden,Viki
Golden Garden,Kocowa
Why R U?,iQIYI
Why R U?,Viki
Why R U?,Wavve
First Love Story,
Part-Time Mello,KOK TV
The Secret Message,
Jun & Jun,Apple TV
Jun & Jun,Viki
Jun & Jun,WeTV
Woof & Meow – Do you Love Me?,Viki
Office Watch Season 3,KOK TV
Office Watch Season 3,Kocowa
Mokkoji Kitchen,KOK TV
Devil Inspector Season 2,Viki
Brilliant Heritage,Viki
Brilliant Heritage,VIU Indonesia
Brilliant Heritage,Kocowa
Touching You,Prime Video
Banana Actually,AsianCrush
Banana Actually,Tubi
4 Kinds of House,AsianCrush
Anniversary Anyway,
L.U.C.A.: The Beginning,Apple TV
L.U.C.A.: The Beginning,WeTV
L.U.C.A.: The Beginning,Viki
L.U.C.A.: The Beginning,iQIYI
L.U.C.A.: The Beginning,TVING
L.U.C.A.: The Beginning,VIU Indonesia
L.U.C.A.: The Beginning,Tubi
Blood,Netflix
Blood,Viki
Blood,KBS World
Blood,VIU Indonesia
Blood,Kocowa
Vivid Romance,
Choco Milk Shake,
Romance by Romance,Viki
Let's Only Walk The Flower Road,KBS World
Let's Only Walk The Flower Road,Kocowa
Was It Love?,Netflix
The Colors of Our Time,Vanilasee
Love Is Drop by Drop,
Babysitter,Viki
Babysitter,KBS World
Babysitter,Kocowa
Part-Time Idol,Netflix
Between Friendship and Love,
Queen of Masks,Viki
The Moment the Heart Shines,
Missing 9,Netflix
Missing 9,Viki
Missing 9,Kocowa
Divorce Lawyer in Love,Viki
Divorce Lawyer in Love,SBS World
Divorce Lawyer in Love,Tubi
Divorce Lawyer in Love,Kocowa
Finland Papa,Viki
Revolutionary Sisters,Viki
Revolutionary Sisters,Prime Video
Revolutionary Sisters,KBS World
Revolutionary Sisters,Netflix
Revolutionary Sisters,Kocowa
Banana Actually 2,72sec TV
Untouchable,Disney+ Hotstar
Untouchable,Viki
Twelve Nights,Viki
More Than Friends,Disney+ Hotstar
More Than Friends,Netflix
More Than Friends,WeTV
More Than Friends,Viki
More Than Friends,iQIYI
More Than Friends,Hulu
Three Bold Siblings,Viki
Three Bold Siblings,KBS World
Three Bold Siblings,Wavve
Three Bold Siblings,Kocowa
Red Balloon,Viki
Red Balloon,VIU Indonesia
Red Balloon,Wavve
Red Balloon,Kocowa
Positive Physique,
After the Show Ends,
Touch,Viki
Touch,Kocowa
Luv Pub,PlayList Global
The New Employee,Viki
The New Employee,Tubi
Born Again,Viki
Born Again,iQIYI
Born Again,KBS World
Born Again,Kocowa
Sometoon 2020,
The Tasty Florida,WeTV
The Tasty Florida,Viki
Gracious Revenge,KBS World
Item,Apple TV
Item,Viki
Item,Kocowa
The Running Mates: Human Rights,Viki
Ordinary but Special,
Dream Knight,
Kill Heel,Viki
Kill Heel,iQIYI
The Director Who Buys Me Dinner,iQIYI
The Director Who Buys Me Dinner,Wavve
The Director Who Buys Me Dinner,TVING
Triple Fling,
Her Bucket List,Apple TV
Her Bucket List,WeTV
Her Bucket List,Viki
Her Bucket List,Kakao TV
Madame Antoine,Viki
Broke Rookie Star,KBS World
The Real Has Come!,Viki
The Real Has Come!,KBS World
The Real Has Come!,Netflix
The Real Has Come!,Kocowa
"Will Be Okay, Never Die",STUDIO DIA
My Absolute Boyfriend,Apple TV
My Absolute Boyfriend,Netflix
My Absolute Boyfriend,Viki
My Absolute Boyfriend,Hulu
My Absolute Boyfriend,VIU Indonesia
"Fly, Again",WeTV
"Fly, Again",Viki
"Fly, Again",Kakao TV
Strong Underdog,Viki
Home for Summer,KBS World
Han River Police,Disney+
Han River Police,Disney+ Hotstar
Han River Police,Hulu
High Society,Viki
High Society,SBS World
High Society,SBS VOD
High Society,Kocowa
Between Friendship and Love Season 2,KOK TV
Tofu Personified,
Becoming Witch,Netflix
Becoming Witch,Viki
Becoming Witch,Kocowa
Tower of Babel,Viki
300 Year-Old Class of 2020,Kakao TV
Level Up,Apple TV
Level Up,Viki
We Broke Up,
"I Hate You, Juliet!",Viki
Jinxed at First,Viki
Jinxed at First,iQIYI
Jinxed at First,Hulu
Live Your Own Life,Apple TV
Live Your Own Life,Viki
Live Your Own Life,KBS World
Live Your Own Life,Prime Video
Live Your Own Life,Kocowa
Rich Man,Apple TV
Rich Man,Viki
Rich Man,Hulu
No Matter What,Viki
No Matter What,Kocowa
Master's Delicacies,KOK TV
The Witch Store,Viki
A Place in the Sun,KBS World
First Love Story Season 3,
Happy Home,
"Go, Back Diary",PlayList Global
Gangnam Scandal,
The Eccentric Daughter-in-Law,Viki
The Eccentric Daughter-in-Law,Kocowa
No Going Back Romance,
Kokdu: Season of Deity,Viki
Kokdu: Season of Deity,iQIYI
Kokdu: Season of Deity,Wavve
Kokdu: Season of Deity,Hulu
"Persevere, Goo Hae Ra",Viki
The Man's Voice,Viki
The Man's Voice,iQIYI
Lonely Enough to Love,Viki
Lonely Enough to Love,iQIYI
Lonely Enough to Love,AsianCrush
When Time Stopped,Viki
I Order You,Viki
The Cravings Season 2,Viki
The Cravings Season 2,Kocowa
Love as You Taste,Viki
Love as You Taste,Prime Video
Love as You Taste,Kocowa
The Road: The Tragedy of One,WeTV
The Road: The Tragedy of One,Viki
The Road: The Tragedy of One,iQIYI
The Road: The Tragedy of One,TVING
Race,Disney+
Race,Disney+ Hotstar
Race,Hulu
Possessed,Netflix
Adult Kids,
Matching! Boys Archery,Viki
Matching! Boys Archery,Kocowa
"Fight Hard, Love Harder",
Monster,
Unknown Woman,KBS World
Best Mistake Season 3,Viki
Best Mistake Season 3,KOK TV
Bubblegum,Apple TV
Bubblegum,iQIYI
Bubblegum,Tubi
The Witch Store Reopens,Viki
"Sweet, Savage Family",Viki
"Sweet, Savage Family",Kocowa
Durian's Affair,Viki
Durian's Affair,Kocowa
Young Lady and Gentleman,Viki
Young Lady and Gentleman,Prime Video
Young Lady and Gentleman,KBS World
Young Lady and Gentleman,VIU Indonesia
Young Lady and Gentleman,Netflix
Young Lady and Gentleman,Kocowa
Mom Has an Affair,VIU Indonesia
Wind-Bell,Viki
Pure Melo District,KOK TV
Best Chicken,Viki
Big Picture House,AsianCrush
Gold Mask,KBS World
Gold Mask,Viki
Gold Mask,Kocowa
Spy,Viki
Spy,Kocowa
Check Out the Event,Viki
Check Out the Event,iQIYI
Check Out the Event,Prime Video
Check Out the Event,Kocowa
People You May Know,iflix
Miss Lee,Apple TV
Miss Lee,Tubi
The School Nurse Files,Netflix
"My Lawyer, Mr. Jo 2: Crime and Punishment",Viki
"My Lawyer, Mr. Jo 2: Crime and Punishment",Kocowa
Farming Academy,Kocowa
Our First: Seventeen,
Strangers Again,Viki
Strangers Again,TVING
Borg Mom,Kocowa
The King of the Desert,Prime Video
Black Knight: The Man Who Guards Me,Netflix
Black Knight: The Man Who Guards Me,Viki
Black Knight: The Man Who Guards Me,Kocowa
Freshman,
Phantom School,Viki
Man in the Kitchen,Viki
Man in the Kitchen,Kocowa
Flower of the Queen,
Login to You,
Vengeance of the Bride,Viki
Vengeance of the Bride,KBS World
Vengeance of the Bride,Wavve
Vengeance of the Bride,Kocowa
"Fight Hard, Love Harder Season 2",
Local Hero,VIU Indonesia
Love to the End,KBS World
"Please, Summer",Kakao TV
"Do You ""Truth or Dare"" with Me?",
Triple Fling Season 2,
Strong Girl Namsoon,Netflix
Strong Girl Namsoon,TVING
The Man of My Life,KIK TV
My Son-In-Law's Woman,
Café Kilimanjaro,Viki
Café Kilimanjaro,Tubi
Stranger Kim,Viki
Stranger Kim,KOK TV
Devil Inspector,Viki
Disarming Romance,KOK TV
She Knows Everything,Viki
She Knows Everything,Kocowa
Alchemist,
A Man in a Veil,Apple TV
A Man in a Veil,Viki
A Man in a Veil,Kocowa
"Legally, Dad",STUDIO DIA
Hip Hop Teacher,iflix
Office Watch,WeTV
Office Watch,KOK TV
Office Watch,WHYNOT TV
Tinted with You,Viki
Mysterious Personal Shopper,KBS World
First Love Again,Viki
Happy Merry Ending,Viki
Happy Merry Ending,Wavve
Happy Merry Ending,TVING
Afraid Of,
Love Class,Viki
Love Class,Netflix
Love Class,Wavve
Romance Blue,
Meant to Be,Viki
Meant to Be,Kocowa
My Sweet Dear,WeTV
My Sweet Dear,Viki
Manhole,Viki
Manhole,Kocowa
My Runway,Netflix
Monchouchou Globalhouse,Kocowa
Love in Spring,Tubi
Next Door Witch J,WeTV
Next Door Witch J,Viki
Left-Handed Wife,KBS World
Love Twist,Viki
Love Twist,KBS World
Love Twist,Kocowa
Rumor,STUDIO DIA
Rumor,Kocowa
Persona,Netflix
"Let's Eat Something, Anna",Viki
"Let's Eat Something, Anna",Kocowa
Choco Bank,
Love After School Season 2,STUDIO DIA
Not Found Love,STUDIO DIA
The Empire,Viki
The Empire,VIU Indonesia
My Heart Twinkle Twinkle,Viki
My Heart Twinkle Twinkle,SBS World
My Heart Twinkle Twinkle,Kocowa
To All the Guys Who Loved Me,Netflix
To All the Guys Who Loved Me,Viki
To All the Guys Who Loved Me,VIU Indonesia
To All the Guys Who Loved Me,Kocowa
Click Your Heart,Apple TV
Click Your Heart,Prime Video
All the Liquors,Apple TV
All the Liquors,Viki
All the Liquors,TVING
My 20th Twenty,Viki
My 20th Twenty,Wavve
My 20th Twenty,Kocowa
187 cm Male Friend vs 155 cm Female Friend,CheezeFilm
Glamorous Temptation,Kocowa
Artificial City,Netflix
Artificial City,Viki
Artificial City,TVING
Artificial City,Lemino
Girl of 0AM,
I Have Three Boyfriends,Lululala Story Lab
Save the Family,KBS World
Falling for Do Jeon,Viki
Sweet Temptation,
Unpredictable Family,Viki
Unpredictable Family,KBS World
Unpredictable Family,Kocowa
The Guys I Want to Catch,Dingo K-Drama
Love Teenager,
Clocking Out,
Nobleman Ryu's Wedding,WeTV
My Wonderful Roommate,
YG Future Strategy Office,Netflix
Love in Black Hole,WeTV
Love in Black Hole,Viki
Devil's Diary,
Romance Special Law,Viki
Romance Special Law,Kocowa
Unexpected Heroes,Viki
Happy Ending Romance,Viki
Happy Ending Romance,Wavve
Dalgona,Emotional Click
My Daughter Geum Sa Wol,Kocowa
Today Office Tomorrow Romance,Emotional Click
Fatal Promise,
The Merchant: Gaekju 2015,Viki
The Merchant: Gaekju 2015,Kocowa
Love Alarm,Netflix
Dr. Ian,
Riders: Catch Tomorrow,Viki
Sound Candy,Abema TV
Sound Candy,Viki
Sound Candy,Kocowa
First Kiss,
Our Gap Soon,Viki
Our Gap Soon,Kocowa
Hot and Sweet,Prime Video
Hot and Sweet,AsianCrush
The Miracle,Apple TV
The Miracle,Netflix
The Miracle,Viki
True Ending,
Individual Circumstances,Viki
Individual Circumstances,iQIYI
Individual Circumstances,Wavve
Lovely Horribly,Netflix
Lovely Horribly,Viki
Lovely Horribly,VIU Indonesia
Lovely Horribly,Kocowa
It's My Life,KBS World
Man Who Dies to Live,Kocowa
Welcome to Wedding Hell,Netflix
My Unfortunate Boyfriend,Apple TV
My Unfortunate Boyfriend,Prime Video
My Unfortunate Boyfriend,AsianCrush
My Unfortunate Boyfriend,Tubi
Spark,Netflix
Spark,Viki
Blow Breeze,Viki
Snap and Spark,KOK TV
Snap and Spark,iQIYI
My Chilling Roommate,Apple TV
My Chilling Roommate,Viki
Dramaworld,Apple TV
Dramaworld,Viki
Dramaworld,Prime Video
Peng,Viki
Oh! Boarding House,Viki
Women at a Game Company,
Loss Time Life,Kocowa
Love in Time,Viki
Love in Time,AsianCrush
How to Be Thirty,Viki
How to Be Thirty,iQIYI
How to Be Thirty,Kakao TV
My Sister,CheezeFilm
Magic School,iflix
Loss:Time:Life,
New Normal Zine,
The Witch's Game,Viki
The Witch's Game,Wavve
The Witch's Game,Kocowa
The Family Is Coming,SBS World
The Family Is Coming,Viki
The Family Is Coming,Kocowa
Dramaworld Season 2,iQIYI
Dramaworld Season 2,Prime Video
Night Light,Netflix
Oh! Youngsim,Viki
Things That May Occur to You Today,
I Am...,Viki
I Am...,Emotional Click
I Am...,AsianCrush
That Man Oh Soo,
A Superior Day,Viki
Tomorrow Boy,Viki
Tomorrow Boy,Kocowa
"Hello, Spring",
The Third Marriage,Viki
The Third Marriage,Kocowa
Bong Soon: A Cyborg in Love,Prime Video
Bong Soon: A Cyborg in Love,Wavve
Mermaid Prince,Kocowa
Love (ft. Marriage and Divorce),Netflix
The Man in the Mask,Viki
The Man in the Mask,KBS World
The Man in the Mask,Kocowa
Apple of My Eye,Viki
Apple of My Eye,KBS World
Apple of My Eye,Kocowa
Genesis,
My Fuxxxxx Romance,PlayList Global
Dear X Who Doesn't Love Me,Viki
Dear X Who Doesn't Love Me,iQIYI
Life After One Minute,
Somebody,Netflix
Woman in a Veil,Viki
Woman in a Veil,Kocowa
The 1km Distance Between Us,
Please Find Her,KBS World
The Villain of Romance,Viki
The Villain of Romance,Hulu
All is Well,KBS World
Love (ft. Marriage and Divorce) Season 3,Netflix
Color Rush Season 2,Viki
Two Hearts,
A Time to Remember,Apple TV
A Time to Remember,Viki
Sweet Enemy,
You're Too Much,Kocowa
Miss Monte-Cristo,Viki
Miss Monte-Cristo,Kocowa
Sweet Munchies,Apple TV
Sweet Munchies,Netflix
Sweet Munchies,Viki
Sweet Munchies,VIU Indonesia
Monkey and Dog Romance,Viki
Monkey and Dog Romance,Kocowa
Love on a Rooftop,KBS World
My Wonderful Life,Kocowa
Elegant Empire,Viki
Elegant Empire,KBS World
Elegant Empire,Kocowa
The Interest of Love,Netflix
Joseon Survival,
"Sweet Home, Sweet Honey",KBS World
Do Dream,Apple TV
Do Dream,Viki
Do Dream,AsianCrush
Midnight Horror: Six Nights,
Exactly What’s Going On?,Netflix
Bump Up Business,iQIYI
Ghostderella,
Oh! My Assistant,Viki
"Now, We Are Breaking Up",Viki
"Now, We Are Breaking Up",VIU Indonesia
Love Cells Season 2,Viki
The Unusual Family,KBS World
The Female Friend among Guys,CheezeFilm
Recipe for Youth,
Orange Marmalade,Netflix
Orange Marmalade,Viki
Orange Marmalade,VIU Indonesia
Orange Marmalade,Kocowa
Kissable Lips,Viki
Red Shoes,Prime Video
Red Shoes,KBS World
Red Shoes,Viki
Red Shoes,Kocowa
Behind Cut,Viki
Lover of the Palace,Viki
Mama Fairy and the Woodcutter,Apple TV
Mama Fairy and the Woodcutter,WeTV
Mama Fairy and the Woodcutter,Viki
Mama Fairy and the Woodcutter,iQIYI
Mama Fairy and the Woodcutter,Tubi
Fluttering Warning,Apple TV
Fluttering Warning,Viki
Star Struck,iQIYI
Star Struck,Wavve
Naughty Boy,AsianCrush
Naughty Boy,Viki
Nickname Pine Leaf,
Discipline,Kocowa
The Third Charm,Netflix
The Third Charm,WeTV
The Third Charm,iflix
The Third Charm,Viki
The Third Charm,Kocowa
How Are You Bread,Viki
Oh My Ladylord,iQIYI
Oh My Ladylord,Prime Video
Ocean Likes Me,Viki
Number Six,Viki
Between Him and Her,Viki
Between Him and Her,Netflix
When I Was the Most Beautiful,Viki
When I Was the Most Beautiful,VIU Indonesia
When I Was the Most Beautiful,Kocowa
Momin's Room,
She Is 200 Years Old,
"Coffee, Do Me a Favor",Viki
Star With a Secret,Viki
Star With a Secret,ARIRANG K-POP
Eating Existence,Viki
Eating Existence,AsianCrush
Your Playlist,Viki
Phantom the Secret Agent,
The Blue Sea,Viki
The Blue Sea,AsianCrush
The Blue Sea,Kocowa
I Can See Your MBTI,
The Sweet Blood,Apple TV
The Sweet Blood,WeTV
The Sweet Blood,Viki
The Sweet Blood,KUKAN
Love in Memory,Viki
Love in Memory,Prime Video
Love in Memory,AsianCrush
Let's Hold Hands Tightly and Watch The Sunset,Viki
Let's Hold Hands Tightly and Watch The Sunset,Kocowa
The Flatterer,
109 Strange Things,
Prince's Prince,
My Dear Friend,CheezeFilm
Missing Korea,
Start Love,
Romantic Witch's Starlight Sonata,
Fortuneteller’s Secret Recipe,Viki
Delivery,
Entourage,
Love Detective Sherlock K,
The Facetale: Cinderia,Apple TV
The Facetale: Cinderia,Viki
Immutable Law of First Love,Netflix
Immutable Law of First Love,Viki
Goedam,Netflix
Bad Girlfriend,Viki
Bad Girlfriend,KOK TV
A Good Supper,Viki
A Good Supper,Kocowa
Woo Ri the Virgin,Viki
Woo Ri the Virgin,Hulu
Lily Fever,Dingo K-Drama
Boys Dormitory,
Sponsor,Viki
A Beauty of Revenge,CheezeFilm
Trace of the Hand,Viki
Jumping Girl,Netflix
What's Up With These Kids!?,Kocowa
Delicious Love,
Discipline Z: Vampire,
Detective Alice,Kocowa
Under the Black Moonlight,Netflix
Love Alarm Season 2,Netflix
Oh My Grace,
Blue of Winter,
Magic Cell Phone,Netflix
28 Faces of the Moon,Netflix
28 Faces of the Moon,Prime Video
All the Love in the World Season 2,
All the Love in the World Season 3,
The Birth of a Nation,
SM Culture Universe: aespa,
Crash! Insignificant Reunion,
Problematic Detective Agency,
Full Count,Disney+
Full Count,Hulu
The Secret of the Grand Mansion: The Missing Girls,
Between Us,
Better Things,
KBS Drama Special 2023,Viki
KBS Drama Special 2023,Prime Video
KBS Drama Special 2023,Wavve
KBS Drama Special 2023,Kocowa
"Oh, Yeojeong",
My Daughter's Just Like Me,
Stray Directors,
Three Kingdom Wars - Imjin War 1592,
Smashing on Your Back,
We See Winter,
Welcome to Heal Inn,
I Want to Live an Easy Life,TVING
Our D-Day,
Welcome to My Lab Season 2,Tooniverse
My Love: Six Stories of True Love,Netflix
"Oh, Yeojeong: Summer",
Oh My God! Tip Series 2,
The Driver,
Damn Good Company,
Welcome to My Lab,Tooniverse
Midnight Thriller,
Fork You Boss,Lululala Story Lab
Fork You Boss,Studio LuluLala
Our Baseball,
A Film About Grooming,
SPUNK,
Forever Young 2,
Webtoon Hero - Tundra Show,
Nineteen,
Moonlight Sonata,
Fantasy Timing,
Mukeo Bar,
"No, Thank You Season 2",Viki
Fork You Boss Season 2,Lululala Story Lab
Fork You Boss Season 2,Studio LuluLala
"Don't Swallow It Today, Too",TVING
Legend Hero,
Oh My God! Tip Series 3,
We're Not Trash,KOK TV
My Mother Is a Daughter-In-Law,
Camellia,
HOW-TO,
Love Is Jungle,
Dream Maker,TVING
Can You Deliver Time?,배티비 (BAETV)
"I'm a Mother, Too",
Political Fever,Viki
Political Fever,Wavve
Working Mom Parenting Daddy,
Big Forest,Apple TV
Big Forest,Tubi
My Ex Diary,
Half-Fifty,
Why Opposites Attract Season 2,
Somehow Family,Tubi
Welcome to the Lesbian Bar,
I've Got My Eye on You,SBS VOD
Hip Hop King: Nassna Street,Apple TV
Hip Hop King: Nassna Street,AsianCrush
Hip Hop King: Nassna Street,Tubi
The Sensible Life of Director Shin,AsianCrush
The Sensible Life of Director Shin,72sec TV
Only You,KOK TV
Just Too Bored,
Sometoon 2021,
A DeadbEAT's Meal,TVING
The Ordinary Life of Ms. 'O'! Season 3,72sec TV
The Jingbirok: A Memoir of Imjin War,
To Me to You,
Return of Fortunate Bok,
Instant Romance,
I Hate Going to Work,
Noise,
Beginning,
Oh My God! Tip,
The Birth of a Married Woman,Viki
The Birth of a Married Woman,Kocowa
On the Campus,
Here Comes Love,
Poetry Story,Kocowa
Mom,
The Ordinary Life of Ms. 'O'! Season 2,72sec TV
Do You Want to Eat?,
What a Wonderful World,
Youth Again,tvN D STORY
Everyday Loves,
Everywhere and Nowhere,
Man in the Shower,AsianCrush
Man in the Shower,Tubi
Man in the Shower,72sec TV
TV Novel: The Stars are Shining,
"I Love You, Loser!",
Cheongchunhyang Jeon,
BReal Bro&Sis,
Fall In Mulberry,
Strange School Tales,Kakao TV
"Nineteen, Logout",
Secret Crushes: Special Edition,KOK TV
Horror Mailbox,
Hong Ik Super,Apple TV
Hong Ik Super,Viki
Hong Ik Super,Kocowa
Re-Feel: If Only,
I Need Standards,
Friend and Kiss,CheezeFilm
2021 Summer Drama Collage: Monster Mansion,
Sweet and Salty Office,
A Ticket to India,
Irish Uppercut,Viki
Irish Uppercut,AsianCrush
Doo Teob's Pretty Easy School Life,Lululala Story Lab
Doo Teob's Pretty Easy School Life,Studio LuluLala
Oh My Captain,
"380,000 km Between You and Me",
Ugly Miss Young Ae Season 14,
"Not Alright, But It's Alright: Pilot",
Justice Team,
Virtual Excitement,
Arim Inn the Forest,Viki
Arim Inn the Forest,Kocowa
Soul Driver,Viki
Soul Driver,Kocowa
Farming Academy Season 2,Kocowa
Time of Miracle: Loss Time,
Room Of Her Own,
Rudyteen,
Time to Be Together 1:11,
Tell Me You've Changed,
You Will Love Me,
X-Garion,
SURF 101: Intro to Romance,
Nara's Marvelous Days,
Jump! Jump! Jump!,Tubi
My Old Friend,
Shinjikki,
Heart.zip,
Travel Through Romance Season 1.5,
How to Deal With First Love,
Secret Crushes Season 3,
I Know Because I've Tried It,
Short Paper,
Shining Na Ra,Tooniverse
Sandwich Theory,
Victory For Tomorrow,
Mood Maker,
The Return of Hwang Geum Bok!,
Secret Crushes Season 2,
The Dearest Lady,
"Drink, Sing and Dance Season 2",
Office Watch Season 2,KBS World
Office Watch Season 2,KOK TV
Third Person Dating Perspective,
Tell Me Sick,
Short Paper Season 3,
Ugly Miss Young Ae Season 16,
Ugly Miss Young Ae Season 17,
No Bother Me,
In-Out Sider,
Sweet 20,
Ugly Miss Young Ae Season 15,
Because It's My First Time,
Natural Romance,
The Ordinary Life of Ms. 'O'!,AsianCrush
Our Love Story,Dingo K-Drama
A Bird That Doesn't Sing,
Short Paper Season 2,
Cha Ta Gong In,
Heart Way,
Do With All Your Heart Today,
The Secret House,Wavve
The Secret House,Prime Video
The Secret House,Viki
The Secret House,Kocowa
Have a Good Neighbor,
Oh! Dear Half-Basement Goddesses,iflix
Can Love Be Refunded,Viki
Can Love Be Refunded,Kocowa
TV Novel: In Still Green Days,
One-Dimensional,
Daily Moon's,
Haengbok 100 km,
"The Woman Next Door, the Man Next Door",
"Drink, Sing and Dance",
LOVE-Imong,
TV Novel: My Mind’s Flower Rain,
Wild Guys,tvN D STORY
Yoo Mi's Room,
You and Me,
Blessing of the Sea,
Yeonnamdong 539,
The Police,
My Heart Flutters,
"Hello, Stranger",PlayList Global
Cat Chef,
TV Novel: That Sun in the Sky,
Biggest Fan,
Mr. Hashtag Season 2,
Out of this World Girlfriend,KOK TV
Secrets of Women,KBS World
Room of Romance,WHYNOT TV
Perhaps Love?,
Romance Bible,WeTV
Romance Bible,tvN D STORY
Enchanting Neighbor,
"Why, All of a Sudden?",
I'm Done,
Sleepless in Love,
First Love Story Pilot,
Turned on by You,
Bio Homme,
Deux Yeoza,AsianCrush
Benton,
Chart Running Scholar,KOK TV
Backflow,
Man Goddess,CheezeFilm
Idol in My Living Room,Wavve
Bad Love,
Power Rangers Dino Force Brave,
"Suddenly, Mood, First Love",
Amor Fati,Viki
Amor Fati,Prime Video
Amor Fati,Kocowa
I'm Sorry Kang Nam Goo,
The Secret of Secret,
2PM Campus,
Meal Kid,
Miracle Girl,
Twin,
Short Paper: Side Story,
Moment,
New Recruit,TVING
Kim Is a Genius,
As Your Heart Tells,
Mobilize! K-Cop,
Travelogue,
Love Vlog,
Love Campus,
Cheonglywood,KOK TV
Turned on by You Season 2,
My Wonderful Roommate 2,
Girls' Love Story,
Love Your Korea Glow,
"Shh, Please Take Care of Him",
A Twist Girl,
I Want to Do It with You,
Two Universes,TVING
Yeonnam Family,Kocowa
Love of Eve,
My Ahjussi Kkon Dae Hee,
Number Woman Gye Sook Ja,
No Bad Days,
The Dolphin in the Little Mermaid,
Travel through Romance,
Mr. Hashtag,AsianCrush
Mr. Hashtag,72sec TV
Almost Famous,
"Everyone, at Least Once",
The Secret of My Love,KBS World
Girl in the Mirror,
3 AM Season 2,
Translation-needed Love Season 2,
Some Air,Tubi
72 Seconds,AsianCrush
Wannabe U,
The Pure Memories of My Heart,Tubi
The Pure Memories of My Heart,Prime Video
Want a Taste?,
Romance Written Differently,
The Success Story of Novice Shaman Gong,
"AI, Her",
Summer Vacation,
TV Novel: Dal Soon's Spring,
What Happened to Mirae?,
"Reply Pyeongchang, 100°F",Viki
"Reply Pyeongchang, 100°F",Kocowa
The Witch's Eye,
Teacher Oh Soon Nam,
Moonlight Girls' High School,
Living Together at Seventeen,
All the Love in the World,
Is There Equation in Love?,
Luv Pub: Pilot,
Let's Make a New Start,
Madam Cha Dal Rae's Love,
Riding Dongdang,KOK TV
Secret Crushes,
Blue Temperature,KOK TV
You & It,
Travel Through Romance Season 2,
I Need Standards 2,
Anonymous High School Girl,
Afternoon in a Small City,
Horror Delivery Service,AsianCrush
Genome’s Romance,Viki
Genome’s Romance,Kocowa
"Teacher, Would You Like to Date Me?",
Youtuber Class Season 2,KOK TV
Starting Point of Dating,
Cheers to Me,AsianCrush
Cheers to Me,Viki
72 Seconds Season 2,
Thumbs Up Feeds Me,Lululala Story Lab
Deux Yeoza Season 2,
Idol Fever,
Convenience Store Junkies,
I:LOVE:DM,
Bubble Up,Viki
SF8,Wavve
SF8,Kocowa
Cast: The Golden Age of Insiders,tvN D STORY
Cast: The Golden Age of Insiders,Kocowa
Don't Worry Apricot,
My Ghost Brother,
Good People,
Life Tracker Lee Jae Goo,
20+1,
Mumul Zzumul,
My Rocket Ship,
Great First Wives,
Save Me Oldie,
Me and My Grantopia,tvN D STORY
"Life of Jung, Lee, Ro, and Woon",
A Model Student,
Girl’s War,Viki
Tutorial,
The World of CC,
Shall We That’s,
Three Sided Love,
Focus to You 3,
Youth on the Road,KOK TV
Multi Personality Girl,CheezeFilm
Just Friend,
Miss Mamma Mia,
Webtoon Hero - Tundra Show Season 2,
When Life Gives You Lemons,
Confession Company,
Themselves,
72 Seconds Season 3,
I Ate Well Today,tvN D STORY
Dear My Girlfriend,
Girlfriend in the Men's Group,CheezeFilm
Focus to You 2,
Immortal Goddess,Prime Video
Issue Makers,Viki
Issue Makers,Kocowa
Mysterious Nurse,Prime Video
Mysterious Nurse,Kocowa
Nice Na Ik Soo,
Work & Love Balance,
High! Touch,
Love #Hashtag,
College Life That Everyone Wants,
88 Street,
About Youth,Vanilasee
Jal Pa Gin Love,
Love in Blue,
Green Fever,Kocowa
Lemon Car Video,tvN D STORY
Lemon Car Video,TVING
Single Wife,Apple TV
Single Wife,Viki
Romantic Boss,
The All-Round Wife,Prime Video
The All-Round Wife,KBS World
The All-Round Wife,Viki
The All-Round Wife,Kocowa
Focus to You,
Tickle Tickle,
Shady Mom-in-Law,
3 AM,
Swan,
Our Friendship 0.5cm,
City of the Sun,
Dxyz,
Dalgona Season 2,
Happy Ending,
Trust Us and Be Patient,
Supernatural,
Scene Number Paran,Viki
Scene Number Paran,Kocowa
Super Smart Quiz Show,
The One Serving House,
Take Care Of The Goddess,
Detective Alice Season 2,Kocowa
The Superman Age,
A Touch on Your Cheek,
Everybody Say Kungdari,
Iron Lady Cha,
"TV Novel: Waves, Waves",
In Your Dream,Prime Video
In Your Dream,Tubi
In Your Dream,Kocowa
Uigeumbu,
Color Prison,
Miss Kim's Secret Life Season 2: Consumption,
Artist Disappearance Case,
Translation-Needed Love Season 3,
Happy Talk Season 2,
Lululala Pawn Shop,
Winter Vacation,
Love Intern Choi Woo Sung,Vanilasee
The Reason I Hate You,Kocowa
Case Cell Division,Apple TV
Hello Busking,
Secrets and Lies,
My Sister Season 2,CheezeFilm
Listen To Her Heart,
Best Teamwork,
TV Novel: A Sea of Her Own,
Wanna Sleepover Season 2,
Hororong Story,
I Don't Care,KOK TV
You Are a Gift,
Ply Friends: Seoyeon University Class of '22,
Cheeze Go,CheezeFilm
Sweet and Salty Fairy,
Re: Search,
Hearts and Hari,Tooniverse
Twist Beauty,
Beautiful You,
Return Love,
A Double Table,
Usual Yet Unusual Season 2,
Horror Monday,
Mr. Lee,Kakao TV
International Student Haha Introduction,
My YouTube Diary Season 2,Tooniverse
MBTI Love,
My Boss Is a Million YouTuber,
Phoenix 2020,Viki
Phoenix 2020,Kocowa
Usual Yet Unusual,
Yeokkeuni Season 3,
You Don’t Even Know The Taste of Americano,
Bamboo Forest,
Translation-Needed Love,
To Be Honest,KOK TV
LOVE-Imong Season 2,
Do You Want to Play the Truth or Dare with Me? Reboot,
MU:D Vol. 1,
Between Friends,
Ready for Start - Vol. 1,
It Was Spring,
Love Security,AsianCrush
A Guy Friend 14 Days Before,
My YouTube Diary,Tooniverse
We Only See Each Other at Night,
You I Didn't Know,Viki
You I Didn't Know,Kocowa
I'm a Hero,
Sympathy,CheezeFilm
Special Record on Earth,
Why Do Women Always Get Upset?,
School of Start,
Sweat Romance,
Sweat Romance Season 2,
A Special Meal of the Weirdo 'Nara',
Idol and I,
The Girls on the Phone,
Always Springtime,
Witch's Castle,
Calm Down Cheon Doong,
Why Opposites Attract,
Clumsy Love,
Intern Z,
I'm Not a Girl Anymore,
Aim High,
Campus Freshman,
Lies of Spring,AsianCrush
Youn Hee's Love,
Office Record,
When the Apple of Eye Shattered,
Yunseul,
Jo Mi Ryo,
Bunny Bunny,
Autumn Blossom,
Heroes,Viki
Love on Green,
Begin Now,
"Revive Hope, Mister Go Yong",
Dance No.15,
"Oh, Yeojeong: Busan",
"Eat, Fight, and Live Together",
We Are Alone,
House of Kok,KOK TV
VB Travel Agency,
A Successful Geek,
The Best Day,
Yeokkeuni Season 2,
Ongoing Loved One,
Dream Change Laundromat,Prime Video
Wanna Sleepover,
Campus Romance Today's Drinking Diary,Vanilasee
Some Light,Kocowa
"Pro, Teen",
Straight Sassy,
Do You Know Love?,Kocowa
My Lovely Caffeine,
Civil Service Exam Student,
Welcome to Amazon,
Something Music Season 2,
Cinema Club,
The Price of a Life,
Kazua Library,
One's Own Love,
Yeokkeuni,Vanilasee
From Classmate to Roommate,
Ask Miss Shin,
"Yum Yum, How Tasty! 2",Vanilasee
Paparazzi Girlfriend,AsianCrush
Scene and Box: Season of Love,
"Yum Yum, How Tasty!",Vanilasee
I'm Watching You,
Fall In Love With Your Coffee,
"City's Night, Star",
New Recruit Season 2,
Love is Actually With You,AsianCrush
Deoksaeng Reversal,
The Supernatural Agent,TVING
Null Maybe,
No Bad Days Season 2,
"Yes, I See",
Sweaty House,
Shall We Link Season 2,
Secret Friend,
"Sure, Sure",AsianCrush
Once Upon a Time in Gwangju,
Living With a Ghost,
Shall We Link,AsianCrush
Someday,AsianCrush
Sugar Coating,
Cramped Love,
Scene and Box,
My Neighbor Soo Jung,
My Mukbang Diary,Tooniverse
Someday Office,
"Bamboo: 9pm, Please Tell My Story",
Still You,
Love On Live,
Hello! This Is Starbucks,
Fool And Idiot,
10000 Ways to Become a Couple,Prime Video
Coffee Love Coffee Season 2,
Unrealistic Youtuber,
Welcome to the Sandbox,CheezeFilm
"Worth Love, Bo Ram",
Loan to You,
Something Unique,
Coffee Love Coffee,
Company Romance,
Happy Talk,
No One Special,
Snow Blossom,
Twenty: Moon,CheezeFilm
Sungkyunkwan Romance,
The Girls Double Life,
A Day of Dating,
The Sloppy Life Of Kang Dae Choong,
Painless Youth,
Drama Made with You,
A Madly Realistic Story,
Only Boy,
Scene and Box Season 2,
Wharf Roach,
Fancafe,AsianCrush
Straight Sassy Season 2,
To You Who Begins to Love,
Motae Solo,
Between,CheezeFilm
On the Turf,
Take It or Leave It,
Engineering Sensibility,
Descendants of the Airport,
Kiss Me If You Can,
Night of Love,
Miss Kim's Secret Life,
Rinza Noodle House,
"Idol, Protect The World",
Zero Ability for Dating,
Jeju Sea Water,
Global Travel Agency Gaboiso,
Temperature: First,CheezeFilm
Rickety Rackety Family,
The Escape Story of a Plastic Spoon,
"Now, Parliament Is 36.5",
Secretly Sweetly Season 2,
Mr. Kang,
Artificial Intelligence Hamlet,
My 100th Election,
Armored Saurus,Netflix
Real Siblings,
Meeting Plaza,
I'm Not a Loser,
Club Room B102,
Part-time Student,
"If in Love, Choose an Ordinance?!",
Love Assistant,
"So Handsome Man, Si Bel Homme",Kakao TV
King of Convenience,
LOVE up-date,
Go With,
ShorTest,
One Fun Girl,
Calm Down,
The Worst Break-up in My Life,
Cheol Soo And O2,
Goblin's Light,
Unwrap the Age of 13,
A Day for Romance,
Artist Grandma,AsianCrush
Simple Relatable Drama,
Youth Syndrome,Kocowa
At First Sight,
Crow Building,AsianCrush
Oh! Grandmas,
Employment War Season 2,AsianCrush
